type,state,questionId,category,question,optionA,optionB,optionC,optionD,correctAnswer,correctIndex,explanation
State-Specific,AK,AK-018,cellPhone,Until what age must children in Alaska be secured in a federally approved child safety device or seat belt?,8 years old,12 years old,16 years old,18 years old,C,2,Alaska law requires all children under 16 to be properly secured in an appropriate child safety device or seat belt — it is a primary offense for the driver to allow an unrestrained child under 16.
State-Specific,AK,AK-019,duiStateLaws,When are studded tires permitted on roads north of 60° North latitude in Alaska?,October 1 through April 30,September 16 through May 1,November 1 through March 31,October 15 through April 15,B,1,"North of 60° North latitude — including Anchorage and Fairbanks — studded tires are legal from September 16 through May 1, reflecting the longer winter season in northern Alaska."
State-Specific,AK,AK-021,duiStateLaws,What does Alaska's driver manual recommend you carry in your vehicle during winter?,Extra gasoline only,"A winter survival kit with blankets, food, and flashlight",Snow chains only,A spare tire only,B,1,"Alaska DOT recommends keeping a winter survival kit in the back seat including flashlights, blankets, food, water, a first aid kit, and extra warm clothing in case you become stranded."
State-Specific,AK,AK-022,duiStateLaws,What is the safest practice when driving on gravel roads in Alaska?,Maintain the posted highway speed,Drive in the center of the road,Reduce speed and increase following distance,Use high beams at all times,C,2,Alaska has extensive gravel roads where loose surface material reduces traction and increases stopping distance — reducing speed and increasing following distance helps prevent skids and windshield damage from flying gravel.
State-Specific,AK,AK-024,duiStateLaws,Children under one year old or weighing less than 20 pounds must ride in what type of car seat in Alaska?,Forward-facing car seat,Booster seat,Rear-facing car seat,Standard seat belt,C,2,Alaska law requires children under one year old or weighing less than 20 pounds to be properly secured in a federally approved rear-facing car seat for maximum crash protection.
State-Specific,AK,AK-027,stateUnique,What is the maximum speed limit on most rural highways in Alaska?,55 mph,60 mph,65 mph,70 mph,C,2,"Most rural highways in Alaska carry a 65 mph speed limit, including the Parks Highway and other major routes connecting cities across the state."
State-Specific,AK,AK-028,stateUnique,How far must your headlights illuminate the road ahead on low beam in Alaska?,50 feet,100 feet,200 feet,300 feet,B,1,"Alaska requires low-beam headlights to illuminate objects at least 100 feet ahead, which is critical for safe stopping distance on the state's dark winter roads."
State-Specific,AK,AK-029,stateUnique,What should you do if your vehicle becomes stranded on a remote Alaska road in winter?,Walk to the nearest town,Stay with the vehicle and wait for help,Leave the engine off to save fuel,Flag down passing vehicles on foot,B,1,"Alaska's driver manual advises staying with your vehicle if stranded in winter — the vehicle provides shelter, is easier for rescuers to spot than a person on foot, and walking in extreme cold can be fatal."
State-Specific,AK,AK-030,stateUnique,What must you do when approaching a paved road from an unpaved road in Alaska?,Paved road traffic must yield to you,Yield to traffic on the paved road,Both drivers must stop,Whoever arrives first has right-of-way,B,1,"In Alaska, vehicles entering a paved road from an unpaved road must yield to traffic already on the paved road — the paved road has priority right-of-way regardless of other signs."
State-Specific,AK,AK-040,stateUnique,How far may metal studs protrude from a studded tire in Alaska?,No more than one-eighth inch,No more than one-quarter inch,No more than one-half inch,No more than three-quarters inch,B,1,Alaska law defines a studded tire as one with metal studs protruding no more than one-quarter inch from the tire surface — studs exceeding this limit are illegal.
State-Specific,AL,AL-022,duiStateLaws,What is the legal BAC limit for a standard (non-commercial) driver aged 21 or older in Alabama?,0.10%,0.08%,0.05%,0.06%,B,1,Alabama sets the legal BAC limit at 0.08% for drivers aged 21 and older — the same standard used by all 50 states under federal guidelines.
State-Specific,AL,AL-023,stateUnique,What is the default speed limit on Alabama interstate highways?,55 mph,65 mph,70 mph,75 mph,C,2,Alabama's default interstate speed limit is 70 mph unless otherwise posted — drivers should always watch for signs indicating a different limit.
State-Specific,AL,AL-024,stateUnique,What is the default speed limit on four-lane roads in Alabama?,55 mph,65 mph,45 mph,70 mph,B,1,Alabama sets a default speed limit of 65 mph on roadways with four or more lanes unless otherwise posted.
State-Specific,AL,AL-026,stateUnique,What is the default speed limit in residential areas in Alabama?,20 mph,30 mph,35 mph,25 mph,D,3,Alabama's default residential speed limit is 25 mph — slower speeds in neighborhoods protect pedestrians and children at play.
State-Specific,AL,AL-027,stateUnique,How many points does Alabama assign for passing a stopped school bus?,2 points,3 points,5 points,6 points,C,2,"Passing a stopped school bus carries 5 points on your Alabama driving record — one of the higher-point violations, reflecting the serious danger to children."
State-Specific,AL,AL-028,stateUnique,How many points within a 2-year period trigger a license suspension in Alabama?,8 points,10 points,12 points,15 points,C,2,Accumulating 12 or more points within a 2-year period triggers a license suspension in Alabama — the length depends on the total points accumulated.
State-Specific,AL,AL-029,stateUnique,How long do traffic conviction points stay active for suspension purposes in Alabama?,1 year,2 years,3 years,5 years,B,1,"Alabama traffic conviction points remain active for suspension purposes for 2 years from the date of conviction, though the conviction stays on your permanent record."
State-Specific,AL,AL-030,stateUnique,What is the speed limit in Alabama school zones?,10 mph,20 mph,15 mph,25 mph,C,2,Alabama school zones have a 15 mph speed limit — one of the lowest speed limits to maximize safety for children arriving and leaving school.
State-Specific,AL,AL-035,stateUnique,What minimum percentage of visible light must pass through front side windows in Alabama?,25%,32%,35%,50%,B,1,Alabama requires front side windows to allow more than 32% of visible light through — darker tint is prohibited on front windows to ensure driver visibility and law enforcement safety.
State-Specific,AL,AL-036,stateUnique,Is Alabama's seat belt law a primary or secondary enforcement law for front seat occupants?,Primary enforcement,Secondary enforcement,No seat belt law,Voluntary compliance only,A,0,Alabama's seat belt law is a primary enforcement law for front seat occupants — officers can pull you over solely for not wearing a seat belt.
State-Specific,AL,AL-037,stateUnique,Until what age must a child use a booster seat in Alabama?,4 years old,5 years old,6 years old,8 years old,C,2,Alabama requires children to use a booster seat until age 6 — after which they may use a regular seat belt if it fits properly.
State-Specific,AL,AL-039,stateUnique,Does Alabama have an open container law for vehicles?,"Yes, for driver and passengers",Only for the driver,No open container law,Only on interstate highways,A,0,Alabama prohibits any person from possessing an open container of alcohol in the passenger area of a motor vehicle on public highways — this applies to both driver and passengers.
State-Specific,AL,AL-040,stateUnique,How many points does Alabama assign for reckless driving?,2 points,4 points,6 points,5 points,C,2,"Reckless driving carries 6 points in Alabama — the highest single-violation point value, reflecting the extreme danger reckless driving poses to everyone on the road."
State-Specific,AR,AR-018,speedLimits,What is the speed limit when passing a school building or school zone in Arkansas?,15 mph,20 mph,25 mph,30 mph,C,2,Arkansas law sets a maximum speed of 25 mph when passing a school building or driving through a school zone.
State-Specific,AR,AR-021,trafficLaws,What must you do when approaching a stopped emergency vehicle with flashing lights on a multi-lane road in Arkansas?,Slow down to 10 mph below the speed limit,Move into the farthest lane from the emergency vehicle,Stop completely until the vehicle moves,Flash your headlights as you pass,B,1,"Arkansas's Move Over Law requires drivers to move into the farthest lane from a stopped emergency vehicle, law enforcement vehicle, or highway department vehicle displaying flashing lights. If you cannot change lanes, slow to a safe speed."
State-Specific,AR,AR-022,rightOfWay,"When two vehicles arrive at a four-way stop intersection at the same time in Arkansas, who has the right of way?",The vehicle on the left,The vehicle on the right,The larger vehicle,The vehicle going straight,B,1,"At a four-way stop in Arkansas, if two vehicles arrive at the same time, the driver on the left must yield the right of way to the vehicle on the right."
State-Specific,AR,AR-027,trafficLaws,"On a divided highway with a median of 20 feet or more in Arkansas, must you stop for a school bus loading passengers on the opposite side?","Yes, all traffic in both directions must stop","No, only traffic following the bus must stop",Only if children are visible crossing the road,Only during school hours,B,1,"On a divided highway with a median 20 feet or wider, only traffic traveling in the same direction as the bus must stop. On undivided roads or roads with medians under 20 feet, all traffic in both directions must stop."
State-Specific,AR,AR-028,trafficLaws,"On a multi-lane highway in Arkansas, which lane should you use for normal travel?",The left lane,The center lane,The right lane,Any lane you prefer,C,2,"Arkansas law requires drivers to use the right lanes for travel and reserve the left-most lane for passing only, unless lanes are blocked or you are turning left."
State-Specific,AR,AR-037,trafficLaws,What should you do when approaching a railroad crossing with flashing red lights in Arkansas?,Slow down and proceed with caution,Stop only if you can see a train approaching,Stop and wait until the lights stop flashing and it is safe to cross,Honk your horn and drive across quickly,C,2,Flashing red lights at a railroad crossing mean a train is approaching or present. You must stop before the stop line or crossing area and wait until the lights stop flashing and it is safe to proceed.
State-Specific,AZ,AZ-027,speedLimits,What is the speed limit in an Arizona school zone when school crossing signs are posted?,15 mph,20 mph,25 mph,30 mph,A,0,"Arizona law sets a 15 mph speed limit in school zones when portable school crossing signs are displayed, which is lower than most other states."
State-Specific,AZ,AZ-028,trafficLaws,What must you do when approaching any vehicle with flashing lights stopped on the side of the road in Arizona?,Continue at the posted speed limit,Move over one lane or slow down if a lane change is not safe,Stop completely and wait for them to move,Flash your headlights as you pass,B,1,"Arizona's Move Over Law requires drivers to move over one lane when passing any vehicle with flashing lights on the roadside. If changing lanes is not safe, you must slow down to a safe speed. This applies to emergency vehicles, tow trucks, and highway maintenance vehicles."
State-Specific,AZ,AZ-029,trafficLaws,"In Arizona, when is a left turn on a red light permitted?","Never, left turns on red are always illegal",When turning from a one-way street onto another one-way street,Whenever the intersection is clear of traffic,Only between 9 PM and 6 AM,B,1,"In Arizona, a left turn on red is legal only when turning from a one-way street onto another one-way street, after coming to a complete stop and yielding to all traffic and pedestrians."
State-Specific,AZ,AZ-030,stateUnique,"What does Arizona's 'Turn Around, Don't Drown' campaign warn drivers about?",Driving in dust storms with low visibility,Driving through flooded roadways,Making illegal U-turns on highways,Driving while drowsy on long desert roads,B,1,"Arizona's 'Turn Around, Don't Drown' campaign warns drivers never to drive through flooded roadways. Flash floods during monsoon season can sweep vehicles away in seconds. Under the Stupid Motorist Law, drivers who ignore barricades can be charged for their own rescue costs."
State-Specific,CA,CA-026,speedLimits,What is the speed limit at a blind intersection in California where you cannot see for 100 feet in either direction?,15 mph,20 mph,25 mph,10 mph,A,0,California law requires drivers to slow to 15 mph at blind intersections where you cannot see 100 feet in any direction during the last 100 feet before crossing.
State-Specific,CA,CA-027,stateTrafficLaws,"In California, when must you turn on your headlights?",Only between sunset and sunrise,"When visibility is under 1,000 ft or wipers are on continuously",Only when it is fully dark outside,Only during rain or snow,B,1,"California law requires headlights when you cannot see from 1,000 feet away, from 30 minutes after sunset to 30 minutes before sunrise, and whenever windshield wipers are in continuous use."
State-Specific,CA,CA-028,rightOfWay,Do pedestrians have the right-of-way at unmarked crosswalks in California?,"No, only at marked crosswalks","Yes, at all marked and unmarked crosswalks",Only when a traffic signal is present,Only in school zones,B,1,California law requires drivers to yield to pedestrians crossing in any marked or unmarked crosswalk. An unmarked crosswalk exists at every intersection even without painted lines.
State-Specific,CA,CA-029,speedLimits,What is the speed limit in a school zone in California when children are present?,15 mph,20 mph,25 mph,30 mph,C,2,"California law sets the speed limit at 25 mph in school zones when children are present, unless otherwise posted."
State-Specific,CA,CA-030,speedLimits,What is the speed limit when driving in an alley in California?,10 mph,15 mph,20 mph,25 mph,B,1,California law sets a 15 mph speed limit when driving in any alley.
State-Specific,CA,CA-031,stateTrafficLaws,"In California, can you make a left turn on a red light from a one-way street onto another one-way street?","No, left turns on red are never legal","Yes, after making a full stop",Only if there is a green arrow,Only during non-peak hours,B,1,"California allows a left turn on a red light from a one-way street onto another one-way street, but only after making a full stop and yielding to pedestrians and traffic."
State-Specific,CA,CA-036,seatbeltChildRestraint,Until what age must children in California ride in a car seat or booster seat?,Under 6 years old,Under 8 years old,Under 10 years old,Under 5 years old,B,1,California law requires all children under 8 years old to be secured in an appropriate car seat or booster seat in the back seat of the vehicle.
State-Specific,CA,CA-037,speedLimits,What is the maximum speed limit on most California freeways?,55 mph,60 mph,65 mph,70 mph,C,2,The maximum speed limit on most California freeways is 65 mph unless otherwise posted. Some rural freeways may post 70 mph.
State-Specific,CA,CA-038,weatherDriving,"When driving in heavy fog in California, which headlights should you use?",High beams for maximum visibility,Parking lights only,Alternate between high and low beams,Low beams or fog lights,D,3,"In fog, use low beams or fog lights. High beams reflect off the fog and reduce visibility. California's Central Valley is especially prone to thick tule fog."
State-Specific,CA,CA-040,speedLimits,What is the speed limit in California when approaching a railroad crossing and you cannot see the tracks for 400 feet in both directions?,25 mph,20 mph,10 mph,15 mph,D,3,California law requires drivers to slow to no more than 15 mph when within 100 feet of a railroad crossing where you cannot see the tracks for 400 feet in both directions.
State-Specific,CO,CO-013,speedLimits,What is the speed limit in a Colorado school zone when children are present?,15 mph,20 mph,25 mph,30 mph,B,1,Colorado school zones have a speed limit of 20 mph when children are present during posted school zone hours.
State-Specific,CO,CO-016,stateUnique,"Under Colorado's Move Over law, how much must you slow down if you cannot change lanes when passing a stopped vehicle on the roadside?",At least 10 mph below the posted speed limit,At least 20 mph below the posted speed limit,At least 25 mph below the posted speed limit,Reduce speed to 25 mph regardless of the limit,B,1,Colorado's expanded Move Over law requires drivers to move over one lane or slow down to at least 20 mph below the posted speed limit when passing any vehicle stopped on the roadside.
State-Specific,CO,CO-018,stateUnique,When are headlights required to be on while driving in Colorado?,Only between sunset and sunrise,When windshield wipers are in continuous use,Only in construction zones at all times,Whenever visibility is under one mile away,B,1,"Colorado law requires headlights to be on whenever windshield wipers are in continuous use due to weather conditions, in addition to the standard sunset-to-sunrise requirement."
State-Specific,CO,CO-019,safetyEquipment,Until what age must children in Colorado ride in a booster seat or child restraint system?,Until age 6,Until age 7,Until age 8,Until age 9,D,3,"Colorado law requires children under 9 years old who weigh at least 40 pounds to ride in a booster seat or child restraint system, preferably in the back seat."
State-Specific,CO,CO-021,stateUnique,What is the purpose of runaway truck ramps on Colorado mountain highways?,To provide rest areas for truck drivers only,To safely stop vehicles that have lost their brakes on steep downgrades,To allow slow vehicles to pull over for faster traffic,To provide emergency fuel stops on mountain passes,B,1,"Runaway truck ramps on Colorado mountain roads like I-70 are designed to safely stop vehicles that have lost their brakes on steep downgrades, using deep gravel or sand to slow vehicles."
State-Specific,CO,CO-024,stateUnique,"When driving downhill on a steep Colorado mountain road, what should you do to control your speed?",Ride the brakes continuously throughout descent,Shift to a lower gear before the descent,Put the vehicle in neutral to save fuel,Turn off the engine to slow down gradually,B,1,"On steep mountain grades in Colorado, you should shift to a lower gear before starting the descent to use engine braking. Riding the brakes can cause them to overheat and fail."
State-Specific,CO,CO-027,safetyEquipment,Who is required to wear a seat belt in Colorado?,Only the driver and front-seat passengers,"The driver, all front-seat passengers, and all passengers under 18",All occupants in every seat at all times,Only passengers under 16 years old,B,1,"Colorado law requires seat belts for the driver, all front-seat passengers, and all passengers under 18 in any seating position. Rear-seat adults are not required to wear seat belts."
State-Specific,CO,CO-028,stateUnique,What should you do when you see wildlife crossing signs on Colorado highways?,Maintain speed but honk your horn continuously,"Reduce speed and watch for animals, especially at dawn and dusk",Speed up to pass through the area quickly,Turn on high beams to scare animals away,B,1,"Colorado has significant wildlife populations including deer and elk. When you see wildlife crossing signs, reduce speed and stay alert, especially at dawn and dusk when animals are most active."
State-Specific,CO,CO-029,stateUnique,What happens to traffic fines in Colorado work zones when workers are present?,Fines remain the same as normal zones,Fines are doubled when workers are present,Fines are tripled in all work zones always,Only speeding fines increase in work zones,B,1,Colorado doubles traffic fines in work zones when workers are present. This applies to speeding and other moving violations to protect road workers.
State-Specific,CO,CO-030,rightOfWay,When can you make a left turn on a red light in Colorado?,Never — left turns on red are always prohibited,When turning from a one-way street onto another one-way street,When there is no oncoming traffic from any direction,Only when a green arrow has just turned red recently,B,1,"Colorado allows left turns on red only when turning from a one-way street onto another one-way street, after coming to a complete stop and yielding to traffic and pedestrians."
State-Specific,CO,CO-034,stateUnique,What happens if you use a Colorado express toll lane without an ExpressToll account?,You will not be charged for the trip at all,You will receive a higher toll bill by mail based on your license plate,You must exit at the next available off-ramp immediately,Police will pull you over at the next checkpoint,B,1,"Colorado express lanes use License Plate Toll for drivers without an ExpressToll account or transponder, resulting in a higher toll billed by mail to the registered vehicle owner."
State-Specific,CT,CT-021,stateUnique,What are drivers required to remove from their vehicle before driving on Connecticut roads in winter?,"Snow and ice from the hood, trunk, and roof",Only ice from the windshield,Snow from the roof only,Only ice from windows and mirrors,A,0,"Connecticut law (CGS § 14-252a) requires drivers to remove accumulated snow and ice from the hood, trunk, and roof so it does not pose a threat to others while driving."
State-Specific,CT,CT-022,stateUnique,When must Connecticut drivers turn on their headlights during daytime?,Only during heavy snowfall,Whenever weather conditions require windshield wipers,Only when visibility is under 100 feet,Only between November and March,B,1,"Connecticut law (CGS § 14-96a) requires headlights to be on whenever weather conditions necessitate the use of windshield wipers, including rain, snow, or fog."
State-Specific,CT,CT-023,stateUnique,"On an undivided road in Connecticut, when a school bus displays flashing red lights and its stop arm, who must stop?",Only traffic behind the bus,Only traffic within 200 feet,Traffic traveling in both directions,Only traffic in the adjacent lane,C,2,"Under CGS § 14-279, all traffic in both directions must stop on undivided roads when a school bus displays flashing red lights and extends its stop arm."
State-Specific,CT,CT-024,speedLimits,What is the default speed limit in Connecticut residential and business districts?,20 mph,25 mph,30 mph,35 mph,B,1,Connecticut's default speed limit in residential and business districts is 25 mph unless otherwise posted.
State-Specific,CT,CT-025,speedLimits,What is the maximum speed limit on rural freeways in Connecticut?,55 mph,60 mph,65 mph,70 mph,C,2,Connecticut's maximum posted speed limit on rural freeways is 65 mph. Urban freeways are typically limited to 45-55 mph.
State-Specific,CT,CT-026,safetyEquipment,Until what age or weight must children in Connecticut ride in a child restraint system?,Under 6 years old or under 50 pounds,Under 8 years old or under 60 pounds,Under 10 years old or under 80 pounds,Under 5 years old or under 40 pounds,B,1,"Under CGS § 14-100a, children under 8 years old or weighing less than 60 pounds must be secured in an approved child restraint system."
State-Specific,CT,CT-027,rightOfWay,When is a left turn on red permitted in Connecticut?,At any intersection with no oncoming traffic,From a one-way street onto another one-way street,Only at intersections with a green arrow,Left turns on red are never permitted,B,1,"Under CGS § 14-299(b), Connecticut permits left turns on red from a one-way street onto another one-way street, after stopping and yielding to pedestrians and traffic."
State-Specific,CT,CT-028,stateUnique,When are headlights required to be on in Connecticut based on time of day?,From sunset to sunrise,From half an hour after sunset to half an hour before sunrise,From one hour after sunset to one hour before sunrise,From dusk to dawn as determined by the driver,B,1,"Connecticut law (CGS § 14-96a) requires headlights from half an hour after sunset to half an hour before sunrise, or when visibility is less than 500 feet."
State-Specific,CT,CT-029,stateUnique,At what visibility distance does Connecticut require drivers to turn on headlights?,"Less than 1,000 feet",Less than 500 feet,Less than 250 feet,Less than 200 feet,B,1,"Under CGS § 14-96a, headlights are required when visibility conditions are less than 500 feet due to weather or other atmospheric conditions."
State-Specific,CT,CT-030,safetyEquipment,At what minimum age and weight can a child in Connecticut move from a child seat to a booster seat?,At least 4 years old and 30 pounds,At least 5 years old and 40 pounds,At least 6 years old and 50 pounds,At least 3 years old and 35 pounds,B,1,Connecticut law requires children to remain in a forward-facing child seat until at least age 5 and 40 pounds before transitioning to a booster seat.
State-Specific,CT,CT-032,stateUnique,What type of road divider exempts opposite-direction traffic from stopping for a school bus in Connecticut?,Any painted center line or median,A physical median or barrier of at least four feet,A center turn lane,Double yellow lines,B,1,"Under CGS § 14-279, only a physical median, barrier, or unpaved area of at least four feet qualifies as a divider. Painted medians and turn lanes do not count."
State-Specific,CT,CT-038,stateUnique,What happens to traffic fines in Connecticut highway work zones when workers are present?,Fines remain the same as normal,Fines are doubled,Fines are tripled,Fines increase by a flat $50,B,1,Connecticut doubles traffic fines in highway work zones when workers are present to increase safety for road workers.
State-Specific,CT,CT-039,safetyEquipment,Who is required to wear seat belts in a vehicle in Connecticut?,Only the driver and front-seat passenger,All occupants in both front and rear seats,Only passengers under 18,Only the driver,B,1,"Connecticut requires all vehicle occupants, both front and rear seat, to wear seat belts regardless of age."
State-Specific,CT,CT-040,stateUnique,"On a single-lane road, what must you do when approaching any stopped vehicle on the shoulder in Connecticut?",Maintain your speed and stay in your lane,Come to a complete stop behind the vehicle,Slow down to a reasonable speed and proceed with caution,Flash your headlights as a warning,C,2,"When unable to move over a lane, Connecticut's Move Over law requires drivers to slow down to a reasonable speed and proceed with caution past any stopped vehicle."
State-Specific,DC,DC-016,cellPhone,What is the rule for right turns on red at DC intersections?,Right turns on red are prohibited at all DC intersections,Right turns on red are allowed after a full stop,Right turns on red are allowed only at signed intersections,Right turns on red are allowed except in school zones,A,0,"As of 2025, DC bans right turns on red at all intersections to improve pedestrian and cyclist safety."
State-Specific,DC,DC-019,duiStateLaws,How many demerit points result in a 90-day license suspension in DC?,6 to 8 points,10 to 11 points,12 or more points,8 to 9 points,B,1,"In DC, accumulating 10 to 11 demerit points results in a 90-day license suspension."
State-Specific,DC,DC-020,duiStateLaws,How many demerit points result in license revocation in DC?,8 or more points,10 or more points,12 or more points,15 or more points,C,2,"In DC, accumulating 12 or more demerit points results in license revocation for at least six months."
State-Specific,DC,DC-021,duiStateLaws,Are DC vehicles required to pass a safety and emissions inspection?,"Yes, all DC-registered vehicles must pass inspection",Only commercial vehicles need inspection,"No, DC does not require inspections",Only vehicles older than 5 years,A,0,All vehicles registered in DC must pass a safety and emissions inspection at the DC DMV Inspection Station.
State-Specific,DC,DC-022,duiStateLaws,How long do new DC residents have to register their out-of-state vehicle?,60 calendar days,30 calendar days,15 business days,90 calendar days,B,1,Residents who live in DC for more than 30 calendar days must register their vehicle or apply for a reciprocity permit.
State-Specific,DC,DC-023,duiStateLaws,Until what age must children in DC ride in a child safety seat?,Under 4 years old,Under 6 years old,Under 8 years old,Under 10 years old,C,2,"DC law requires children under 8 years old to be properly seated in an approved child safety seat (infant, convertible, or booster)."
State-Specific,DC,DC-025,duiStateLaws,Until what age must all children in DC be restrained by a seatbelt or child seat?,Under 8 years old,Under 10 years old,Under 12 years old,Under 16 years old,D,3,DC law requires any child up to 16 years of age to be properly restrained in a child safety seat or seatbelt.
State-Specific,DC,DC-026,duiStateLaws,How far must you stay behind a fire truck responding to a call in DC?,At least 500 feet,At least 300 feet,At least 200 feet,At least 100 feet,A,0,DC law prohibits following any fire apparatus responding to an alarm closer than 500 feet.
State-Specific,DC,DC-027,stateUnique,What happens if your DC vehicle inspection sticker expires?,A 60-day grace period applies,You are charged a late fee every 30 days,Your registration is immediately canceled,You receive a warning letter only,B,1,"DC charges a late inspection fee immediately after expiration and every 30-day period thereafter, up to a maximum of $480."
State-Specific,DC,DC-028,stateUnique,Are out-of-state vehicle inspection stickers accepted in DC?,"Yes, if from a neighboring state","Yes, if less than one year old","No, DC requires its own inspection",Only if from Maryland or Virginia,C,2,DC does not accept valid inspection stickers from other jurisdictions. Vehicles must pass inspection at the DC DMV Inspection Station.
State-Specific,DC,DC-029,stateUnique,Can you park within the block where fire apparatus is operating in DC?,"Yes, if you stay in the vehicle","Yes, on the opposite side of the street",Only for 5 minutes or less,"No, parking in that block is prohibited",D,3,DC law prohibits driving into or parking any vehicle within the block where fire apparatus is operating at a fire scene.
State-Specific,DC,DC-030,stateUnique,Do automated camera tickets in DC add points to your driving record?,"No, photo tickets do not add demerit points","Yes, they add 2 points per violation",Only red-light camera tickets add points,Only speed camera tickets add points,A,0,"In DC, automated photo enforcement tickets (speed cameras and red-light cameras) result in fines but do not add demerit points to your driving record."
State-Specific,DC,DC-035,stateUnique,Where must children under 13 ride in a vehicle in DC?,In the front seat with an airbag,In the back seat,Anywhere with a seatbelt,In the middle row only,B,1,"DC recommends that all children under age 13 ride in the back seat, which is the safest position in the vehicle."
State-Specific,DC,DC-038,stateUnique,What must you do when approaching a stopped emergency vehicle with flashing lights on a DC road?,Move over to a non-adjacent lane or slow down,Continue at the speed limit in your lane,Stop completely until the vehicle leaves,Flash your headlights as a warning,A,0,"DC's Move Over law requires drivers to change to a non-adjacent lane when approaching a stopped emergency vehicle, or slow down significantly if a lane change is not possible."
State-Specific,DC,DC-040,stateUnique,What is the maximum speed limit allowed on any DC road unless otherwise posted?,30 mph,35 mph,25 mph,45 mph,C,2,"The maximum speed limit on DC roads is generally 25 mph on major streets, with 20 mph as the default on residential streets unless otherwise posted."
State-Specific,DE,DE-015,stateUnique,What must Delaware drivers do when windshield wipers are in use due to weather?,Turn on headlights,Reduce speed by 10 mph,Activate hazard flashers,Pull over and wait,A,0,Delaware law requires headlights to be on whenever windshield wipers are in use because of inclement weather conditions.
State-Specific,DE,DE-019,stateUnique,What is the default speed limit in a Delaware residential district?,20 mph,25 mph,30 mph,35 mph,B,1,Delaware law sets the default speed limit at 25 mph in business and residential districts where no other speed limit is posted.
State-Specific,DE,DE-020,stateUnique,What is the speed limit in a Delaware school zone when signs are posted and conditions apply?,15 mph,25 mph,20 mph,30 mph,C,2,Delaware requires drivers to observe a 20 mph speed limit in school zones where regulatory signs are posted and the stated conditions are in effect.
State-Specific,DE,DE-024,stateUnique,Until what age must children in Delaware ride in an appropriate child restraint system?,Through age 4,Through age 5,Through age 6,Through age 7 and up to 65 pounds,D,3,Delaware law requires every child through age 7 and up to 65 pounds to be secured in an appropriate child restraint system while in a motor vehicle.
State-Specific,DE,DE-025,stateUnique,What is the default speed limit on a Delaware two-lane open road outside residential areas?,50 mph,45 mph,55 mph,40 mph,A,0,"Delaware sets a default speed limit of 50 mph on two-lane open roads (non-residential, one lane each direction) where no other speed limit is posted."
State-Specific,DE,DE-027,stateUnique,When must Delaware drivers turn on their headlights?,Only from sunset to sunrise,"From sunset to sunrise and when visibility is under 1,000 feet",Only during fog and heavy rain,Only on unlighted highways,B,1,"Delaware law requires headlights from sunset to sunrise, during fog, smoke, rain, or whenever persons and vehicles are not clearly visible at 1,000 feet ahead."
State-Specific,DE,DE-028,stateUnique,What is the default speed limit on Delaware roads with four or more lanes?,45 mph,50 mph,55 mph,65 mph,C,2,Delaware sets a default speed limit of 55 mph on roads with four or more lanes where no other speed limit is posted.
State-Specific,DE,DE-029,duiStateLaws,What does Delaware's implied consent law mean for drivers?,You must consent to vehicle searches,You agree to carry insurance at all times,You consent to random sobriety checkpoints,Driving implies consent to chemical testing if suspected of DUI,D,3,"Under Delaware's implied consent law, operating a vehicle on Delaware roads means you automatically consent to a chemical or breath test if a police officer has probable cause to suspect DUI."
State-Specific,DE,DE-030,duiStateLaws,What is the consequence of refusing a chemical test under Delaware's implied consent law?,License revocation,Written warning only,Mandatory community service,Vehicle impoundment,A,0,Refusing a chemical test under Delaware's implied consent law results in revocation of your driver's license by the Secretary of State.
State-Specific,DE,DE-031,stateUnique,What is the maximum posted speed limit on any Delaware road?,55 mph,65 mph,70 mph,60 mph,B,1,"The maximum speed limit in Delaware is 65 mph, posted on I-495 and portions of Route 1. Most other divided highways have a 55 mph limit."
State-Specific,FL,FL-017,cellPhone,What is the minimum speed limit on a Florida rural interstate highway posted at 70 mph?,40 mph,50 mph,45 mph,55 mph,B,1,"When the posted speed limit is 70 mph on Florida rural interstates, the minimum speed limit is 50 mph. Driving too slowly is also against the law."
State-Specific,FL,FL-021,duiStateLaws,"In Florida, what is the standard speed limit in a municipal or residential area unless otherwise posted?",25 mph,35 mph,30 mph,20 mph,C,2,"Florida's standard speed limit in municipal, business, and residential areas is 30 mph unless otherwise posted."
State-Specific,FL,FL-025,stateUnique,"In Florida, how far before reaching an oncoming vehicle must you return to the right side of the road after passing?",100 feet,300 feet,150 feet,200 feet,D,3,Florida law requires you to return to the right side of the road before coming within 200 feet of any vehicle approaching from the opposite direction.
State-Specific,FL,FL-027,stateUnique,What is the speed limit in Florida school zones?,15 mph,25 mph,30 mph,20 mph,D,3,Florida law sets the speed limit at 20 mph in school zones when children are present or signals are flashing.
State-Specific,FL,FL-028,stateUnique,"In Florida, when must you turn on your headlights?",Only from sunset to sunrise,From sunset to sunrise and whenever using windshield wipers,Only during heavy rain or fog,Only on highways after dark,B,1,Florida law requires headlights from sunset to sunrise and during any weather conditions that require the use of windshield wipers.
State-Specific,FL,FL-029,stateUnique,What is the maximum speed limit on Florida limited-access highways unless otherwise posted?,65 mph,60 mph,70 mph,75 mph,C,2,Florida's speed limit on limited-access highways is 70 mph. The general maximum speed on all other roads and highways is 55 mph unless otherwise posted.
State-Specific,FL,FL-030,stateUnique,"In Florida, how close to a railroad crossing is passing another vehicle prohibited?",Within 50 feet,Within 200 feet,Within 100 feet,Within 150 feet,C,2,"Florida law prohibits passing another vehicle within 100 feet of a bridge, viaduct, tunnel, or railroad crossing."
State-Specific,FL,FL-040,stateUnique,"In Florida, how far behind another truck must a truck or vehicle towing a trailer follow on highways?",200 feet,100 feet,500 feet,300 feet,D,3,"Florida law requires trucks or any vehicle towing another vehicle to maintain at least 300 feet of following distance behind another truck or towing vehicle, except when overtaking and passing or within cities or towns."
State-Specific,GA,GA-019,speedLimits,What is the default speed limit in Georgia residential or urban districts when not otherwise posted?,20 mph,25 mph,30 mph,35 mph,C,2,Georgia law sets the default speed limit at 30 mph in any urban or residential district when no other speed is posted.
State-Specific,GA,GA-020,speedLimits,What is the default speed limit on unpaved county roads in Georgia?,25 mph,30 mph,35 mph,45 mph,C,2,Georgia sets the default speed limit at 35 mph on unpaved county roads when no other speed limit is posted.
State-Specific,GA,GA-021,speedLimits,What is the maximum speed limit on rural interstate highways in Georgia?,55 mph,60 mph,65 mph,70 mph,D,3,Georgia's maximum speed limit on rural interstate highways is 70 mph. Urban interstates have a default limit of 65 mph.
State-Specific,GA,GA-022,safetyLaws,What type of seat belt law does Georgia enforce?,Secondary — officers can only cite it alongside another violation,Primary — officers can stop and cite solely for not wearing a seat belt,Advisory — seat belts are recommended but not required for adults,Partial — only required for front seat passengers,B,1,"Georgia has a primary seat belt law, meaning officers may stop and cite drivers solely for not wearing a seat belt, without needing to observe another violation first."
State-Specific,GA,GA-023,safetyLaws,Until what age must children in Georgia be secured in an approved child safety seat or booster seat?,Under 5 years old,Under 6 years old,Under 8 years old,Under 10 years old,C,2,Georgia law requires all children under 8 years of age to be properly restrained in an approved child passenger safety seat or booster seat.
State-Specific,GA,GA-024,stateUnique,How many points on your driving record will result in license suspension in Georgia?,10 points in 12 months,12 points in 24 months,15 points in 24 months,20 points in 36 months,C,2,"In Georgia, accumulating 15 points within a 24-month period results in suspension of your driver's license."
State-Specific,GA,GA-025,stateUnique,What do Georgia drivers need to access I-85 or I-75 Express Lanes?,A special commercial vehicle permit,A registered Peach Pass transponder,A minimum of two occupants in the vehicle,An annual toll road subscription,B,1,Georgia's tolled express lanes on I-85 and I-75 require motorists to have a registered Peach Pass transponder mounted in their vehicle to access the lanes.
State-Specific,GA,GA-026,safetyLaws,When must Georgia drivers turn on their headlights?,Only between sunset and sunrise,From 30 minutes after sunset to 30 minutes before sunrise and when visibility is less than 500 feet,Whenever driving on highways,Only during rain or fog conditions,B,1,"Georgia law requires headlights from 30 minutes after sunset to 30 minutes before sunrise, and any time visibility is reduced to less than 500 feet."
State-Specific,GA,GA-027,safetyLaws,"In Georgia, when must you use your headlights while driving?",Only at night on unlit roads,Whenever windshield wipers are in use due to weather,Only when visibility drops below 100 feet,During daytime on all interstate highways,B,1,"Georgia law requires drivers to turn on their headlights any time windshield wipers are in continuous use due to rain, fog, or other weather conditions."
State-Specific,GA,GA-028,stateUnique,What is the maximum speed limit on urban interstate highways in Georgia?,55 mph,60 mph,65 mph,70 mph,C,2,"The default speed limit on urban interstate highways in Georgia is 65 mph, compared to 70 mph on rural interstates."
State-Specific,GA,GA-029,stateUnique,Where in the vehicle must children under 8 ride in Georgia if a rear seat is available?,Front passenger seat with air bag,Any seat with a seat belt,Rear seat of the vehicle,Behind the driver's seat only,C,2,"Georgia law requires children under 8 to ride in the rear seat when a rear seat is available, properly secured in an appropriate child restraint system."
State-Specific,GA,GA-030,stateUnique,What is the penalty for passing a stopped school bus with its red lights flashing in Georgia?,A written warning for first offense,A misdemeanor with up to six points on license,A civil fine with no license points,License suspension for 30 days,B,1,"Illegally passing a stopped school bus in Georgia is a misdemeanor that carries up to 6 points on your driving record, the maximum points for any single traffic violation in Georgia."
State-Specific,HI,HI-016,cellPhone,Is it legal to use a handheld device at a red light in Hawaii?,"Yes, always legal at red lights","No, it is illegal even when stopped","Yes, in school zones only","Yes, if vehicle fully stopped",B,1,"Hawaii law prohibits using handheld electronic devices while operating a motor vehicle, which includes being stopped at a red light."
State-Specific,HI,HI-019,stateUnique,What is the maximum speed limit allowed on any road in Hawaii?,60 mph,65 mph,70 mph,55 mph,A,0,"Hawaii has the lowest maximum speed limit in the nation at 60 mph, found only on certain stretches of H-1 and H-3 freeways."
State-Specific,HI,HI-020,stateUnique,Until what age must children in Hawaii ride in an approved child safety seat or booster?,Under 10 years old,Under 8 years old,Under 6 years old,Under 12 years old,A,0,Hawaii law requires all children under 10 years old to be properly restrained in an appropriate child safety seat or booster seat.
State-Specific,HI,HI-021,stateUnique,Who must wear a seat belt in Hawaii?,"All occupants, front and back seats",Only front-seat passengers,Only the driver,Only passengers under 18,A,0,Hawaii requires all motor vehicle occupants in both front and back seats to wear seat belts.
State-Specific,HI,HI-022,stateUnique,What is the default speed limit in Hawaii school zones when children are present?,20 mph,15 mph,25 mph,10 mph,A,0,"Hawaii school zones have a 20 mph speed limit when children are present, unless otherwise posted."
State-Specific,HI,HI-023,stateUnique,Is turning right on a red light permitted in Hawaii?,"Yes, after a full stop and yielding","No, never allowed in Hawaii",Only on one-way streets,Only outside of cities,A,0,"In Hawaii, you may turn right on red after coming to a complete stop and yielding to pedestrians and cross traffic, unless a sign prohibits it."
State-Specific,HI,HI-024,stateUnique,When must you turn on your headlights in Hawaii?,From sunset to sunrise and in poor visibility,Only after midnight,Only during heavy rain,Only on freeways at night,A,0,"Hawaii requires headlights from sunset to sunrise and during conditions of poor visibility such as rain, fog, or smoke."
State-Specific,HI,HI-026,stateUnique,What must you do after a traffic accident involving injury or significant property damage in Hawaii?,"Stop, render aid, and report to police",Leave a note and drive away,Call your insurance only,Report within 30 days by mail,A,0,"Hawaii law requires drivers involved in an accident with injury or significant damage to stop, render reasonable aid, and report the accident to police."
State-Specific,HI,HI-027,stateUnique,How often must you renew a standard driver's license in Hawaii?,Every 8 years,Every 4 years,Every 6 years,Every 10 years,A,0,Hawaii driver's licenses are valid for 8 years for most drivers.
State-Specific,HI,HI-028,stateUnique,What is the speed limit for mopeds on Hawaii roads?,35 mph,45 mph,25 mph,30 mph,A,0,Hawaii imposes a maximum speed limit of 35 mph for mopeds on all roads.
State-Specific,HI,HI-029,stateUnique,When are you required to move over or slow down for stopped emergency vehicles in Hawaii?,Whenever they display flashing lights,Only on freeways,Only during nighttime hours,Only if an officer waves you over,A,0,Hawaii's move over law requires drivers to change lanes or slow down when approaching any stopped emergency vehicle displaying flashing lights.
State-Specific,HI,HI-030,stateUnique,What is the default residential speed limit in Hawaii?,25 mph,30 mph,20 mph,35 mph,A,0,The default speed limit in Hawaii residential areas is 25 mph unless otherwise posted.
State-Specific,HI,HI-032,stateUnique,Are U-turns legal at signalized intersections in Hawaii?,"Yes, always allowed everywhere","Yes, unless a sign prohibits it","Yes, during off-peak hours only","No, banned at signal intersections",B,1,"In Hawaii, U-turns at signalized intersections are permitted unless a sign specifically prohibits them."
State-Specific,HI,HI-038,stateUnique,Are drivers in Hawaii required to carry proof of vehicle registration while driving?,"Yes, at all times while operating","No, only during inspections",Only on freeways,Only if the vehicle is new,A,0,Hawaii law requires drivers to carry current vehicle registration at all times while operating a motor vehicle.
State-Specific,IA,IA-013,speedLimits,What is the statutory speed limit in a business district in Iowa?,15 mph,25 mph,30 mph,20 mph,D,3,Iowa law sets the statutory speed limit at 20 mph in business districts unless otherwise posted.
State-Specific,IA,IA-017,speedLimits,What is the statutory speed limit on rural interstate highways in Iowa?,60 mph,65 mph,75 mph,70 mph,D,3,Iowa's statutory speed limit on rural interstate highways is 70 mph unless otherwise posted.
State-Specific,IA,IA-019,seatBelt,Who is required to wear a seat belt under Iowa law?,All occupants in all seats,Driver and front seat passengers,Only the driver of the vehicle,Only passengers under age 21,B,1,Iowa law requires the driver and all front seat passengers to wear seat belts. Passengers under 18 must wear seat belts in all seating positions.
State-Specific,IA,IA-020,childSafety,Until what age must children in Iowa be secured in an approved child restraint system?,Under 4 years old,Under 8 years old,Under 6 years old,Under 5 years old,C,2,Iowa law requires children under age 6 to be secured in a federally approved child restraint system appropriate for their age and size.
State-Specific,IA,IA-021,speedLimits,What is the statutory speed limit in residential and school districts in Iowa?,25 mph,20 mph,30 mph,15 mph,A,0,Iowa's statutory speed limit in residential districts and school districts is 25 mph unless otherwise posted.
State-Specific,IA,IA-022,stateUnique,What must be displayed on slow-moving vehicles traveling under 25 mph on Iowa roads?,Red flag on the left side,Flashing white headlights,Orange reflective triangle,Yellow warning light on top,C,2,Iowa requires slow-moving vehicles such as farm equipment traveling under 25 mph to display a fluorescent orange triangle (SMV emblem) on the rear.
State-Specific,IA,IA-025,stateUnique,What must you do when approaching a stationary emergency vehicle with flashing lights on an Iowa highway?,Slow down and proceed with caution,Stop completely until lights turn off,Move over a lane or slow down,Flash your headlights as warning,C,2,"Iowa's Move Over law requires drivers to change lanes away from stationary emergency vehicles with flashing lights, or slow down if lane change is not safe."
State-Specific,IA,IA-026,speedLimits,What is the statutory speed limit in suburban districts in Iowa?,35 mph,40 mph,50 mph,45 mph,D,3,Iowa's statutory speed limit in suburban districts is 45 mph unless otherwise posted by local authorities.
State-Specific,IA,IA-027,stateUnique,When must headlights be turned on while driving in Iowa?,Only after full darkness,From sunset to sunrise and in poor visibility,Only during rain or snow,Whenever windshield wipers are on,B,1,"Iowa requires headlights from sunset to sunrise and any time conditions such as fog, rain, or snow reduce visibility to 500 feet or less."
State-Specific,IA,IA-028,speedLimits,What is the nighttime speed limit on secondary (gravel) roads in Iowa?,45 mph,50 mph,40 mph,55 mph,B,1,Iowa's secondary (gravel) road speed limit drops from 55 mph during the day to 50 mph from sunset to sunrise.
State-Specific,IA,IA-029,stateUnique,"On an undivided highway in Iowa, when must you stop for a school bus with flashing red lights?",Only if children are visible,Only if traveling behind the bus,Traffic from both directions must stop,Only within a school zone,C,2,"On undivided highways in Iowa, vehicles traveling in both directions must stop when a school bus displays flashing red lights and the stop arm is extended."
State-Specific,IA,IA-030,childSafety,"In Iowa, children under age 1 and weighing less than 20 pounds must ride in what type of car seat?",Forward-facing car seat,Rear-facing car seat,Booster seat with lap belt,Regular seat with seat belt,B,1,Iowa law requires children under 1 year of age and less than 20 pounds to be secured in a rear-facing child restraint system.
State-Specific,ID,ID-017,stateUnique,What is the default speed limit in Idaho residential and business districts?,35 mph,25 mph,30 mph,40 mph,A,0,"Idaho law sets the default speed limit at 35 mph in residential, business, and urban districts unless otherwise posted."
State-Specific,ID,ID-018,stateUnique,What is the maximum speed limit on Idaho interstate highways?,70 mph,75 mph (80 where posted),65 mph,80 mph everywhere,B,1,"Idaho's default interstate speed limit is 75 mph, but ITD may increase it to 80 mph on qualifying segments after engineering study."
State-Specific,ID,ID-019,stateUnique,Until what age must a child in Idaho be secured in a federally approved child safety restraint?,4 years old and under,8 years old and under,6 years old and under,5 years old and under,C,2,Idaho law requires children 6 years old and younger to be properly secured in an approved child safety restraint in vehicles manufactured with seat belts.
State-Specific,ID,ID-020,stateUnique,When must you use headlights in Idaho?,Only after midnight,30 minutes after sunset only,Only during rain or fog,Sunset to sunrise or visibility under 500 ft,D,3,Idaho requires headlights from sunset to sunrise and any time visibility is less than 500 feet ahead.
State-Specific,ID,ID-021,stateUnique,How far before a turn must you signal in a business or residential area in Idaho?,At least 100 feet,At least 200 feet,At least 50 feet,At least 300 feet,A,0,"In Idaho business or residential areas, you must signal at least 100 feet before turning or changing lanes."
State-Specific,ID,ID-022,stateUnique,How far in advance must you signal before turning or changing lanes on an Idaho freeway or highway?,At least 3 seconds,At least 5 seconds,At least 200 feet,At least 10 seconds,B,1,"On Idaho freeways and highways, signals must be activated at least 5 seconds before turning or changing lanes."
State-Specific,ID,ID-023,stateUnique,At what distance must you dim your high beams when approaching an oncoming vehicle in Idaho?,"1,000 feet",300 feet,500 feet,750 feet,C,2,Idaho law requires drivers to switch to low beams within 500 feet of an oncoming vehicle.
State-Specific,ID,ID-024,stateUnique,"Under Idaho's 'Idaho Stop' law, how may a cyclist treat a stop sign?",Ignore it completely,Must always stop fully,Treat it as a green light,"Slow, yield, stop if needed",D,3,"Idaho's 'Idaho Stop' law allows cyclists to treat stop signs as yield signs — they must slow down and yield the right-of-way, stopping only if required for safety."
State-Specific,ID,ID-025,stateUnique,Who is required to wear a seat belt in Idaho?,All occupants in all seats,Only front seat occupants,Only the driver,Only those under 18,A,0,Idaho law requires all vehicle occupants to wear seat belts in all seating positions.
State-Specific,ID,ID-026,stateUnique,"On a road with four or more lanes, must you stop for a school bus on the opposite side in Idaho?","Yes, all traffic must stop","No, only same-direction traffic",Only if children are visible,Only during school hours,B,1,"On Idaho roads with four or more lanes (two in each direction), only traffic traveling in the same direction as the school bus must stop when its red lights are flashing."
State-Specific,ID,ID-027,stateUnique,What does Idaho's Move Over law require when approaching a stationary emergency vehicle with flashing lights?,Maintain speed and stay in lane,Stop completely on the shoulder,"Slow below limit, move over if possible",Honk horn to alert the officer,C,2,"Idaho's Move Over law requires drivers to reduce speed below the posted limit and, if on a multi-lane road, move over one lane away from the stationary emergency vehicle, tow truck, or highway incident response vehicle."
State-Specific,ID,ID-028,stateUnique,What is the default speed limit on non-interstate state highways in Idaho?,55 mph,60 mph,70 mph,65 mph,D,3,Idaho's default speed limit on non-interstate state highways is 65 mph unless otherwise posted.
State-Specific,ID,ID-029,stateUnique,What vehicles does Idaho's Move Over law apply to besides police vehicles?,Tow trucks and highway response,Only fire trucks,Only ambulances,Only school buses,A,0,"Idaho's Move Over law covers stationary police vehicles, authorized emergency vehicles, tow trucks, and highway incident response vehicles displaying flashing lights."
State-Specific,ID,ID-030,stateUnique,"On a three-lane road in Idaho, must opposite-direction traffic stop for a school bus with flashing red lights?","No, only same-direction traffic","Yes, both directions must stop",Only if no median is present,Only during school hours,B,1,"On Idaho roads with three or fewer lanes, traffic from both directions must stop for a school bus displaying flashing red lights."
State-Specific,IL,IL-019,speedLimits,What is the default speed limit in an Illinois urban district?,30 mph,25 mph,35 mph,20 mph,A,0,Illinois sets the default speed limit at 30 mph in urban districts unless otherwise posted.
State-Specific,IL,IL-021,speedLimits,What is the default speed limit on Illinois interstate highways?,55 mph,60 mph,65 mph,70 mph,D,3,The default speed limit on Illinois interstate highways and tollways is 70 mph unless otherwise posted.
State-Specific,IL,IL-026,speedLimits,What is the speed limit in an Illinois school zone when children are present?,15 mph,20 mph,25 mph,30 mph,B,1,Illinois law sets the speed limit at 20 mph in school zones when children are present.
State-Specific,IL,IL-027,safetyLaws,Until what age must children in Illinois ride in an approved child safety restraint?,Under age 6,Under age 8,Under age 10,Under age 12,B,1,"Illinois law requires all children under age 8 to be properly secured in an appropriate child safety restraint system, including booster seats."
State-Specific,IL,IL-028,safetyLaws,When must Illinois drivers use their headlights?,Only between midnight and 5 AM,Only during rain or snow storms,"Sunset to sunrise and visibility under 1,000 ft",Only on highways outside city limits,C,2,"Illinois requires headlights from sunset to sunrise and whenever visibility is less than 1,000 feet due to weather or other conditions."
State-Specific,IL,IL-029,stateUnique,How soon must you notify the Illinois Secretary of State of an address change?,Within 10 days,Within 30 days,Within 60 days,Within 90 days,A,0,Illinois law requires drivers to notify the Secretary of State in writing of any address change within 10 days.
State-Specific,IL,IL-030,safetyLaws,Until what age must children in Illinois ride in a rear-facing car seat?,Until age 1,Until age 2,Until age 3,Until age 4,B,1,Illinois law requires children to ride in a rear-facing car seat until age 2 for maximum safety protection.
State-Specific,IL,IL-035,rightOfWay,What must other drivers do when a funeral procession enters an intersection in Illinois?,"Yield right-of-way, do not cut through",Honk to alert the procession leader,Proceed if you have a green light,Flash headlights to signal awareness,A,0,"Illinois law gives funeral processions the right-of-way at intersections. Once the lead vehicle proceeds, all vehicles in the procession may follow without stopping, and other drivers must yield."
State-Specific,IL,IL-037,safetyLaws,Who is legally responsible for ensuring passengers under 16 wear seat belts in Illinois?,The driver of the vehicle,The passenger's parents only,The vehicle owner only,Each passenger is responsible,A,0,"In Illinois, the driver is legally responsible for ensuring all passengers under age 16 are properly secured with seat belts or child restraints."
State-Specific,IL,IL-039,speedLimits,What is the speed limit in an Illinois alley?,10 mph,15 mph,20 mph,25 mph,B,1,Illinois law sets the speed limit at 15 mph in urban district alleys.
State-Specific,IN,IN-013,cellPhone,What is the default speed limit in an urban district in Indiana?,30 mph,25 mph,35 mph,40 mph,A,0,Indiana law sets the default speed limit at 30 mph in urban districts (IC 9-21-5-2).
State-Specific,IN,IN-018,cellPhone,When must you turn on your headlights in Indiana?,From sunset to sunrise,Only after midnight,Only when it is raining,Only on highways at night,A,0,Indiana law requires headlights from sunset to sunrise and during conditions of reduced visibility.
State-Specific,IN,IN-020,duiStateLaws,What is the maximum speed limit on rural interstate highways in Indiana?,65 mph,70 mph,75 mph,60 mph,B,1,The maximum speed limit on rural interstate highways in Indiana is 70 mph (IC 9-21-5-2).
State-Specific,IN,IN-021,duiStateLaws,Indiana law requires headlights whenever what device is in continuous use?,Windshield wipers,Air conditioning,Cruise control,Turn signals,A,0,Indiana law requires headlights to be on whenever windshield wipers are in continuous use due to weather conditions.
State-Specific,IN,IN-025,duiStateLaws,"On a divided highway with a physical barrier in Indiana, must you stop for a school bus on the opposite side?","Yes, you must always stop",Only in school zones,Only if children are visible,"No, only same direction must stop",D,3,"On a physically divided highway in Indiana, only vehicles traveling in the same direction as the school bus must stop."
State-Specific,IN,IN-026,duiStateLaws,How many points in what period triggers a license suspension hearing in Indiana?,12 points in 12 months,20 points in 24 months,15 points in 18 months,10 points in 12 months,B,1,Accumulating 20 or more points within a 24-month period triggers a BMV administrative hearing and possible license suspension.
State-Specific,IN,IN-027,stateUnique,What is the maximum speed limit on a rural state divided highway in Indiana?,55 mph,60 mph,65 mph,70 mph,B,1,"On a rural state divided highway in Indiana, the maximum speed limit is 60 mph (IC 9-21-5-2)."
State-Specific,IN,IN-028,stateUnique,What is the maximum speed limit on an urban interstate highway in Indiana?,55 mph,60 mph,65 mph,70 mph,A,0,"On urban interstate highways in Indiana (areas with population of 50,000+), the speed limit is 55 mph."
State-Specific,IN,IN-029,stateUnique,What happens if you refuse a chemical test under Indiana's implied consent law?,No penalty applies,Automatic license suspension,Only a written warning,Points added to license only,B,1,"Under Indiana's implied consent law, refusing a chemical test results in automatic license suspension for up to two years."
State-Specific,IN,IN-030,stateUnique,What is the default speed limit outside urban districts on non-interstate roads in Indiana?,45 mph,50 mph,55 mph,60 mph,C,2,The default speed limit outside urban districts on non-interstate roads in Indiana is 55 mph (IC 9-21-5-2).
State-Specific,IN,IN-034,stateUnique,When must you use turn signals before turning or changing lanes in Indiana?,At least 200 feet before,At reasonable time before,Immediately before turning,Only on major highways,A,0,Indiana law requires a continuous turn signal for at least the last 200 feet before turning (IC 9-21-8-25).
State-Specific,IN,IN-038,stateUnique,"On an undivided road in Indiana, what must drivers in both directions do when a school bus has its stop arm extended?",Slow to 15 mph and proceed,Pass carefully on the left,Stop until the arm is withdrawn,Stop only if directly behind,C,2,"On an undivided road in Indiana, all traffic in both directions must stop when a school bus displays its stop arm and flashing red lights."
State-Specific,KS,KS-016,stateUnique,What is the maximum speed limit on rural freeways in Kansas?,65 mph,70 mph,75 mph,80 mph,C,2,"The maximum speed limit on rural segments of Kansas freeways is 75 mph, including the Kansas Turnpike."
State-Specific,KS,KS-018,stateUnique,Who is required to wear a seat belt under Kansas law?,All vehicle occupants at all times,Only the driver of the vehicle,Driver and all front-seat passengers,Only passengers under age 18,C,2,Kansas law requires seat belt use by the driver and all front-seat passengers. Children must be restrained regardless of seating position.
State-Specific,KS,KS-019,stateUnique,Until what age must children ride in a child safety seat in Kansas?,Under age 2,Under age 4,Under age 6,Under age 8,B,1,Kansas law requires children under age 4 to ride in an approved child safety seat. Children ages 4 through 7 must use a booster seat.
State-Specific,KS,KS-021,stateUnique,At what ages must children use a booster seat in Kansas?,Ages 2 through 5,Ages 4 through 7,Ages 4 through 5,Ages 6 through 8,B,1,Kansas law requires children ages 4 through 7 to ride in a booster seat. Children under 4 must be in a child safety seat.
State-Specific,KS,KS-022,stateUnique,What is the minimum speed limit on Kansas rural freeways?,30 mph,35 mph,40 mph,45 mph,C,2,Kansas rural freeways have a maximum speed limit of 75 mph and a minimum speed limit of 40 mph.
State-Specific,KS,KS-024,stateUnique,What does a slow-moving vehicle emblem look like in Kansas?,Red square reflector on rear,Reflective orange triangle,Yellow diamond-shaped sign,White circular reflector,B,1,Kansas requires vehicles traveling under 25 mph on public roads to display a reflective orange triangle (slow-moving vehicle emblem) on the rear.
State-Specific,KS,KS-025,stateUnique,When must you report a traffic accident to law enforcement in Kansas?,Any accident regardless of damage,"Injury, death, or damage over $1,000",Only if someone is injured or killed,Only accidents on public roadways,B,1,"Kansas law requires reporting accidents that involve injury, death, or property damage exceeding $1,000 to law enforcement."
State-Specific,KS,KS-026,stateUnique,What does Kansas law require when you must park on a highway?,Pull completely off the roadway on the right side,Turn on hazard lights and stay in the lane,Place flares 100 feet behind the vehicle,Park only at marked rest areas or exits,A,0,"Kansas law requires that if you must stop on a highway, you pull completely off the roadway to the right side so as not to obstruct traffic."
State-Specific,KS,KS-027,stateUnique,What is the speed limit in Kansas residential districts unless otherwise posted?,20 mph,25 mph,30 mph,35 mph,C,2,The default speed limit in Kansas residential districts is 30 mph unless otherwise posted by local authorities.
State-Specific,KS,KS-028,stateUnique,Is Kansas a primary or secondary seat belt enforcement state?,Secondary enforcement for all occupants,Primary enforcement for all occupants,Primary for front seat occupants and all children,No seat belt enforcement mechanism,C,2,Kansas has primary seat belt enforcement for front-seat occupants and all children. Officers can stop you solely for an unrestrained front-seat adult or unrestrained child anywhere in the vehicle.
State-Specific,KS,KS-029,stateUnique,What must you do when approaching a church or daycare bus loading children in Kansas?,Slow down but you may continue past,Stop the same as for a school bus,Honk to alert the bus driver,Pass at a reduced speed with caution,B,1,"Kansas law requires drivers to stop for church and daycare buses that are loading or unloading children, following the same rules as school buses."
State-Specific,KS,KS-030,stateUnique,At what age can children transition from a booster seat to a regular seat belt in Kansas?,Age 6,Age 7,Age 8,Age 10,C,2,"Kansas requires booster seats for children ages 4 through 7. At age 8, children may use a regular seat belt if it fits properly."
State-Specific,KS,KS-036,stateUnique,What must vehicles traveling under 25 mph display on Kansas roads?,Flashing hazard lights at all times,A slow-moving vehicle emblem,A white flag on the antenna,Reflective tape on the rear bumper,B,1,Kansas law requires any vehicle designed to travel under 25 mph on public roads to display a slow-moving vehicle emblem (reflective orange triangle) on the rear.
State-Specific,KS,KS-037,stateUnique,How far before a turn must you signal in Kansas?,At least 50 feet,At least 75 feet,At least 100 feet,At least 200 feet,C,2,Kansas law requires drivers to signal at least 100 feet before making a turn.
State-Specific,KS,KS-038,stateUnique,What is the speed limit on Kansas county and township highways unless otherwise posted?,45 mph,55 mph,65 mph,70 mph,B,1,The default speed limit on Kansas county and township highways is 55 mph unless otherwise posted.
State-Specific,KY,KY-018,stateUnique,What is the default speed limit in a residential or business district in Kentucky?,25 mph,30 mph,35 mph,45 mph,C,2,Kentucky law sets the default speed limit at 35 mph in any business or residential district unless otherwise posted.
State-Specific,KY,KY-019,stateUnique,What is the default speed limit on state highways outside business or residential districts in Kentucky?,45 mph,55 mph,65 mph,60 mph,B,1,The default speed limit on Kentucky state highways outside business or residential districts is 55 mph.
State-Specific,KY,KY-021,stateUnique,What type of seat belt enforcement does Kentucky have?,Primary enforcement,Secondary enforcement,No seat belt law,Only for rear passengers,A,0,"Kentucky has a primary seat belt law, meaning drivers can be stopped and cited solely for not wearing a seat belt."
State-Specific,KY,KY-022,stateUnique,At what height must a child in Kentucky be secured in a child restraint system (car seat)?,Under 36 inches tall,Under 40 inches tall,Under 48 inches tall,Under 45 inches tall,B,1,Kentucky law requires any child under 40 inches tall to be properly secured in a child restraint system.
State-Specific,KY,KY-023,stateUnique,Until what age must a child in Kentucky use a booster seat if between 40 and 57 inches tall?,Under 6 years old,Under 7 years old,Under 8 years old,Under 10 years old,C,2,Kentucky law requires children under age 8 who are between 40 and 57 inches tall to be secured in a booster seat.
State-Specific,KY,KY-024,stateUnique,When must a driver file a crash report with the Kentucky State Police?,Any accident regardless of damage,Only if someone is injured,"Damage over $1,000 only",Damage over $500 with no police investigation,D,3,Kentucky law requires drivers to file a written report with the State Police within 10 days if property damage exceeds $500 and no law enforcement investigation was conducted.
State-Specific,KY,KY-025,stateUnique,When must you turn on your headlights in Kentucky besides between sunset and sunrise?,When wipers are in continuous use,Only during heavy snowfall,Only on interstate highways,Headlights are never required in daytime,A,0,Kentucky law requires headlights to be on whenever windshield wipers are in continuous use due to weather conditions.
State-Specific,KY,KY-026,stateUnique,What must other drivers do when they encounter a funeral procession in Kentucky?,Honk to alert the procession,Yield right-of-way at intersections,Pass the procession on the left,Pull over and stop completely,B,1,Kentucky law grants funeral processions the right-of-way at intersections. Other drivers must yield and may not cut through or join a procession.
State-Specific,KY,KY-027,stateUnique,What is the speed limit on Kentucky interstate highways unless otherwise posted?,55 mph,60 mph,65 mph,70 mph,C,2,The default speed limit on Kentucky interstates and divided highways with four or more lanes is 65 mph.
State-Specific,KY,KY-028,stateUnique,What is the speed limit in off-street parking facilities in Kentucky?,5 mph,10 mph,20 mph,15 mph,D,3,Kentucky law sets the speed limit at 15 mph in off-street parking facilities.
State-Specific,KY,KY-029,stateUnique,How many points on your driving record can lead to license suspension in Kentucky for drivers 18 and older?,12 points in two years,8 points in one year,10 points in two years,15 points in three years,A,0,"In Kentucky, accumulating 12 or more points within a two-year period may result in license suspension for drivers 18 and older."
State-Specific,KY,KY-030,stateUnique,How many points can lead to license suspension for a Kentucky driver under 18?,5 points in one year,7 points in two years,10 points in two years,12 points in two years,B,1,Kentucky drivers under age 18 face possible license suspension upon accumulating 7 or more points within a two-year period.
State-Specific,KY,KY-040,stateUnique,What must you do if you are involved in a traffic accident in Kentucky?,Leave and call police later,Only stop if someone is injured,"Stop, give info, and aid injured",Move your vehicle and drive away,C,2,"Kentucky law requires all drivers involved in an accident to stop immediately, exchange information, and render reasonable aid to any injured person."
State-Specific,MA,MA-019,stateUnique,What is the default statutory speed limit in a thickly settled or business district in Massachusetts?,25 mph,30 mph,35 mph,20 mph,B,1,The statutory default speed limit in thickly settled or business districts in Massachusetts is 30 mph. Municipalities may opt in to reduce it to 25 mph under MGL c. 90 § 17C.
State-Specific,MA,MA-021,stateUnique,How often must registered vehicles pass a safety and emissions inspection in Massachusetts?,Every year,Every two years,Every six months,Only when the vehicle is sold,A,0,Massachusetts requires all registered vehicles to pass an annual safety and emissions inspection. The inspection sticker is valid for one year.
State-Specific,MA,MA-022,stateUnique,At what age must all vehicle passengers wear a seat belt in Massachusetts?,13 and older,16 and older,All ages,18 and older,A,0,Massachusetts law requires all passengers aged 13 and older to wear a seat belt. Children under 13 must be in an appropriate child restraint.
State-Specific,MA,MA-023,stateUnique,Until what age or height must children ride in a child car seat or booster seat in Massachusetts?,Under 6 or under 50 inches,Under 8 or under 57 inches,Under 10 or under 60 inches,Under 5 or under 48 inches,B,1,Massachusetts requires children under 8 years old and under 57 inches tall to be secured in a federally approved child car seat or booster seat.
State-Specific,MA,MA-025,stateUnique,Who has the right-of-way at a rotary (traffic circle) in Massachusetts?,Vehicles entering the rotary,Vehicles already in the rotary,Larger vehicles always,Vehicles on the right side,B,1,"In Massachusetts, vehicles already traveling in a rotary have the right-of-way. Drivers entering must yield to traffic already in the circle."
State-Specific,MA,MA-026,stateUnique,How far from an intersection must you park in Massachusetts?,At least 10 feet,At least 15 feet,At least 20 feet,At least 25 feet,C,2,Massachusetts law prohibits parking within 20 feet of an intersection. This ensures visibility and safe traffic flow at intersections.
State-Specific,MA,MA-027,gdlLicensing,How long is a standard Massachusetts Class D driver's license valid?,4 years,5 years,6 years,10 years,B,1,A standard Massachusetts Class D driver's license is valid for 5 years from the date of issue.
State-Specific,MA,MA-028,stateUnique,What does the keep-right law require on Massachusetts highways?,Always drive in the right lane,Drive right except when passing or turning left,Keep right only during rush hour,Keep right only on roads over 50 mph,B,1,Massachusetts law requires drivers to keep to the right lane except when passing another vehicle or preparing for a left turn (MGL c.89 § 4B).
State-Specific,MA,MA-029,stateUnique,How far from a fire hydrant must you park in Massachusetts?,At least 5 feet,At least 10 feet,At least 15 feet,At least 20 feet,B,1,Massachusetts law prohibits parking within 10 feet of a fire hydrant to ensure emergency access.
State-Specific,MA,MA-030,gdlLicensing,What class of driver's license is required to operate a standard passenger vehicle in Massachusetts?,Class A,Class B,Class C,Class D,D,3,"A Class D license is required to operate a standard passenger vehicle in Massachusetts. Class A, B, and C are for commercial vehicles."
State-Specific,MA,MA-034,stateUnique,"When driving through a multi-lane roundabout in Massachusetts, what must you do?",Change lanes inside the roundabout,Choose your lane before entering,Always use the outer lane,Stop inside the roundabout to yield,B,1,Massachusetts requires drivers to choose their lane before entering a multi-lane roundabout. No lane changes should be made inside the roundabout.
State-Specific,MA,MA-035,stateUnique,What is the speed limit on an unposted divided highway outside a thickly settled area in Massachusetts?,40 mph,45 mph,50 mph,55 mph,C,2,"On unposted divided highways outside thickly settled areas, the statutory speed limit in Massachusetts is 50 mph. On undivided highways it is 40 mph."
State-Specific,MA,MA-040,stateUnique,What documents must you carry while operating a vehicle in Massachusetts?,"License, registration, and proof of insurance",Only your driver's license,License and registration only,No documents are required,A,0,"Massachusetts requires drivers to carry their driver's license, vehicle registration, and proof of insurance while operating a motor vehicle."
State-Specific,MD,MD-015,stateUnique,What is the default speed limit in business districts and on undivided residential highways in Maryland?,25 mph,35 mph,30 mph,20 mph,C,2,This is the correct answer based on MD driving laws.
State-Specific,MD,MD-019,stateUnique,Until what age must children ride in a federally approved child safety seat in Maryland?,Under 6 years old,Under 10 years old,Under 8 years old,Under 5 years old,C,2,This is the correct answer based on MD driving laws.
State-Specific,MD,MD-021,stateUnique,Who is legally responsible for ensuring all passengers under 16 are wearing seat belts in Maryland?,The driver of the vehicle,The passenger themselves,The vehicle owner only,The parent or guardian,A,0,This is the correct answer based on MD driving laws.
State-Specific,MD,MD-022,stateUnique,What is the default speed limit on divided highways in residential districts in Maryland?,30 mph,40 mph,25 mph,35 mph,D,3,This is the correct answer based on MD driving laws.
State-Specific,MD,MD-024,stateUnique,What is the maximum speed limit that can be posted on any highway in Maryland?,75 mph,65 mph,70 mph,60 mph,C,2,This is the correct answer based on MD driving laws.
State-Specific,MD,MD-025,stateUnique,Until what age must children ride in a rear-facing car seat in Maryland?,At least age 2,At least age 1,At least age 3,At least 6 months old,A,0,This is the correct answer based on MD driving laws.
State-Specific,MD,MD-026,stateUnique,At what height can a child in Maryland use a regular seat belt instead of a child safety seat?,4 feet 6 inches or taller,4 feet 9 inches or taller,5 feet tall or taller,4 feet tall or taller,B,1,This is the correct answer based on MD driving laws.
State-Specific,MD,MD-027,stateUnique,What is the default speed limit on interstate highways in Maryland?,55 mph,70 mph,60 mph,65 mph,D,3,This is the correct answer based on MD driving laws.
State-Specific,MD,MD-028,stateUnique,How many points on your driving record trigger a license suspension in Maryland?,6 points,10 points,12 points,8 points,D,3,This is the correct answer based on MD driving laws.
State-Specific,MD,MD-029,stateUnique,How close to the curb must your vehicle be when parallel parked in Maryland?,Within 12 inches of the curb,Within 18 inches of the curb,Within 6 inches of the curb,Within 24 inches of the curb,A,0,This is the correct answer based on MD driving laws.
State-Specific,MD,MD-030,stateUnique,What must the driver do for children ages 8 to 16 who are not in a child safety seat in Maryland?,Ensure they wear a seat belt,No requirement applies to them,Place them in the back seat only,Use a booster seat for them,A,0,This is the correct answer based on MD driving laws.
State-Specific,MD,MD-039,stateUnique,When do pedestrians have the right of way at crosswalks in Maryland?,Only with walk signals active,Only at marked crosswalks shown,At marked and unmarked crosswalks when obeying signals,Only during daylight hours only,C,2,This is the correct answer based on MD driving laws.
State-Specific,ME,ME-021,stateUnique,What is the default speed limit in a business or residential district in Maine?,20 mph,30 mph,25 mph,35 mph,C,2,"In Maine, the default speed limit in a business or residential district is 25 mph unless otherwise posted."
State-Specific,ME,ME-022,stateUnique,What is the speed limit in a Maine school zone when signs are flashing?,15 mph,20 mph,10 mph,25 mph,A,0,The speed limit in a Maine school zone is 15 mph when school zone signs are flashing.
State-Specific,ME,ME-023,stateUnique,What is the default speed limit on non-posted public roads in Maine outside built-up areas?,35 mph,40 mph,50 mph,45 mph,D,3,"On all other public ways not otherwise posted, the default speed limit in Maine is 45 mph."
State-Specific,ME,ME-024,stateUnique,"Until what age, weight, and height must a child ride in a booster seat in Maine?","Under 6, under 60 lbs, under 4 ft","Under 8, under 80 lbs, under 4'9""","Under 10, under 100 lbs, under 5 ft","Under 5, under 50 lbs, under 3'6""",B,1,"In Maine, children under 8 years old who weigh less than 80 pounds and are under 4 feet 9 inches must ride in a child restraint or booster seat."
State-Specific,ME,ME-025,stateUnique,What type of enforcement does Maine use for its seat belt law?,Primary enforcement,Secondary enforcement only,No seat belt law exists,Only for front seat riders,A,0,"Maine has a primary seat belt law, meaning police can stop and ticket you solely for not wearing a seat belt."
State-Specific,ME,ME-026,stateUnique,When are studded snow tires prohibited on Maine roads?,April 1 to November 1,June 1 to September 1,They are always allowed,May 1 to October 1,D,3,Maine law prohibits the use of studded snow tires from May 1 to October 1.
State-Specific,ME,ME-027,stateUnique,How many demerit points within one year can result in a license suspension in Maine?,6 points,8 points,12 points,10 points,C,2,"In Maine, accumulating 12 demerit points within a one-year period may result in license suspension."
State-Specific,ME,ME-028,stateUnique,How long do demerit points stay on your driving record in Maine?,1 year,2 years,3 years,5 years,A,0,Demerit points are removed from your Maine driving record one year after they are added.
State-Specific,ME,ME-029,stateUnique,Where should children under 12 ride in a vehicle in Maine?,In the back seat,In the front seat,Either seat is fine,Only in the middle seat,A,0,Maine law recommends that children under 12 years old be properly secured in the back seat of the vehicle.
State-Specific,ME,ME-030,stateUnique,How often must drivers ages 21-64 renew their license in Maine?,Every 4 years,Every 6 years,Every 8 years,Every 5 years,B,1,"In Maine, drivers ages 21 to 64 must renew their driver's license every six years."
State-Specific,ME,ME-032,stateUnique,What is the minimum safe passing distance when overtaking a bicyclist in Maine?,2 feet,4 feet,3 feet,5 feet,C,2,Maine law requires motorists to leave at least 3 feet of clearance when passing a bicyclist.
State-Specific,ME,ME-033,stateUnique,How often must drivers age 65 and older renew their license in Maine?,Every 2 years,Every 6 years,Every 5 years,Every 4 years,D,3,"In Maine, drivers age 65 and older must renew their license every 4 years, compared to every 6 years for younger drivers."
State-Specific,ME,ME-035,stateUnique,Can a motorist cross the center line in a no-passing zone to pass a bicyclist in Maine?,"Yes, if done safely","No, never allowed",Only on rural roads,Only at speeds under 25 mph,A,0,"Maine law allows motorists to cross the center line in a no-passing zone to pass a bicyclist, provided it can be done safely."
State-Specific,ME,ME-036,stateUnique,Who is responsible for ensuring passengers under 18 wear seat belts in Maine?,The driver of the vehicle,Each passenger themselves,The vehicle owner only,The passenger's parent only,A,0,"In Maine, the driver is responsible for ensuring all passengers under 18 are properly secured with a seat belt or child restraint."
State-Specific,ME,ME-040,duiStateLaws,What does Maine law call the offense of driving under the influence?,DUI (Driving Under Influence),DWI (Driving While Intoxicated),OUI (Operating Under Influence),DUII (Driving Under Intoxicant),C,2,Maine uses the term OUI (Operating Under the Influence) rather than DUI or DWI.
State-Specific,MI,MI-017,stateUnique,What is the default speed limit in a residential area in Michigan?,25 mph,30 mph,35 mph,20 mph,A,0,Michigan law sets the default speed limit in residential areas at 25 mph unless otherwise posted.
State-Specific,MI,MI-018,stateUnique,What is the maximum speed limit on Michigan freeways for passenger cars?,55 mph,60 mph,65 mph,70 mph,D,3,"Michigan state law sets the maximum freeway speed limit at 70 mph for passenger cars, while trucks are limited to 60 mph on certain freeways."
State-Specific,MI,MI-019,cellPhone,What is Kelsey's Law in Michigan?,Bans cell phone use for Level 1 and Level 2 teen drivers,Requires hands-free devices for all drivers,Bans texting for commercial drivers only,Prohibits phone use in school zones,A,0,"Kelsey's Law prohibits Level 1 and Level 2 (GDL) drivers from using cell phones while driving, with the only exception being a voice-operated system integrated into the vehicle."
State-Specific,MI,MI-021,stateUnique,When are headlights required to be on in Michigan?,Only between sunset and sunrise,"Half hour after sunset to half hour before sunrise, or visibility under 500 feet",At all times while driving,Only during rain or snow,B,1,"Michigan law (MCL 257.684) requires headlights from a half hour after sunset to a half hour before sunrise, and any time visibility is insufficient to see persons and vehicles 500 feet ahead."
State-Specific,MI,MI-022,stateUnique,How far before a turn or lane change must you signal in Michigan?,50 feet before the maneuver,At least 100 feet,200 feet before the maneuver,At least 300 feet,B,1,Michigan Vehicle Code (MCL 257.648) requires drivers to signal continuously for at least the last 100 feet before turning or changing lanes.
State-Specific,MI,MI-023,stateUnique,What is Michigan's basic speed law?,Always drive at the posted speed limit,Drive at a speed that is reasonable and proper for conditions,Drive at least 10 mph below the limit,Match the speed of surrounding traffic,B,1,"Michigan's basic speed law requires drivers to operate at a careful and prudent speed that is reasonable and proper for the conditions, regardless of posted limits."
State-Specific,MI,MI-025,stateUnique,How far must your high-beam headlights illuminate the road ahead in Michigan?,At least 200 feet,At least 350 feet,At least 500 feet,At least 100 feet,B,1,Michigan law requires high-beam headlights to reveal persons and vehicles at a distance of at least 350 feet ahead.
State-Specific,MI,MI-026,stateUnique,Until what age must children ride in the rear seat in Michigan?,Under 8 years old,Under 10 years old,Under 13 years old,Under 16 years old,C,2,Michigan's child passenger safety law requires all children under 13 to ride in the rear seat when one is available.
State-Specific,MI,MI-027,stateUnique,What documents must you carry while driving in Michigan?,Driver's license only,Driver's license and registration only,"Driver's license, vehicle registration, and proof of insurance",No documents are required,C,2,"Michigan law requires drivers to carry their driver's license, vehicle registration, and proof of insurance while operating a motor vehicle."
State-Specific,MI,MI-028,stateUnique,How close may you follow an emergency vehicle responding to a call in Michigan?,No closer than 200 feet,No closer than 300 feet,No closer than 500 feet,"No closer than 1,000 feet",C,2,Michigan law prohibits drivers from following closer than 500 feet behind an emergency vehicle that is responding to an emergency with lights and sirens active.
State-Specific,MI,MI-029,stateUnique,What is the default speed limit on county highways in Michigan when not posted?,45 mph,55 mph,65 mph,50 mph,B,1,The default speed limit on trunk line and county highways in Michigan is 55 mph unless otherwise posted.
State-Specific,MI,MI-030,stateUnique,Until what age must children use a booster seat in Michigan?,Under 5 years old,Under 6 years old,Under 8 years old,Under 10 years old,C,2,Michigan's child passenger safety law requires children under 8 years old to be secured in a booster seat unless they have outgrown the manufacturer's height and weight limits.
State-Specific,MI,MI-038,stateUnique,What must you do when approaching a stationary authorized vehicle with flashing lights in Michigan?,Maintain your speed and stay in lane,Move over a lane or slow to at least 10 mph below the speed limit,Stop completely until they leave,Flash your headlights as a warning,B,1,"Michigan's Move Over Law requires drivers to move over into an adjacent lane when safe, or slow down to at least 10 mph below the posted speed limit when passing stationary emergency, road service, or authorized vehicles with flashing lights."
State-Specific,MI,MI-039,stateUnique,What is the maximum speed limit for trucks on certain Michigan freeways?,55 mph,60 mph,65 mph,70 mph,B,1,"On certain Michigan freeways, trucks have a lower speed limit of 60 mph while passenger cars are allowed up to 70 mph."
State-Specific,MN,MN-018,stateUnique,What is the default speed limit in a Minnesota urban district?,25 mph,30 mph,35 mph,20 mph,B,1,"Minnesota law sets the default speed limit at 30 mph in urban districts, defined as areas where buildings are spaced less than 100 feet apart for at least a quarter mile."
State-Specific,MN,MN-023,stateUnique,"In Minnesota, when must you turn on your headlights while driving?",Only between sunset and sunrise,Only when visibility is below 500 feet,When wipers are needed for rain or snow,Only on unlit rural roads,C,2,"Minnesota law requires headlights to be on whenever weather conditions require the use of windshield wipers, in addition to the standard sunset-to-sunrise requirement."
State-Specific,MN,MN-024,stateUnique,What is the speed limit on rural interstate highways in Minnesota?,55 mph,60 mph,65 mph,70 mph,D,3,"Minnesota sets the speed limit at 70 mph on rural interstate highways, while urban interstates are limited to 65 mph."
State-Specific,MN,MN-025,stateUnique,What happens to traffic fines in a Minnesota work zone when workers are present?,Fines are doubled,Fines remain the same,Fines are tripled,Only a warning is issued,A,0,"In Minnesota, traffic fines are doubled in work zones when workers are present, to help protect road workers and slow down traffic."
State-Specific,MN,MN-026,stateUnique,What is the speed limit in alleys in Minnesota?,5 mph,10 mph,15 mph,20 mph,B,1,Minnesota law sets the speed limit at 10 mph in alleys.
State-Specific,MN,MN-027,stateUnique,What is the speed limit on expressways and freeways in Minnesota unless otherwise posted?,55 mph,60 mph,65 mph,70 mph,C,2,Minnesota sets the default speed limit at 65 mph on expressways and divided highways with controlled access.
State-Specific,MN,MN-028,stateUnique,What is the default speed limit on non-interstate rural roads in Minnesota?,45 mph,50 mph,60 mph,55 mph,D,3,"The default speed limit on other roads (non-interstate, non-expressway, non-urban) in Minnesota is 55 mph."
State-Specific,MN,MN-029,stateUnique,"When driving in Minnesota winter conditions, what should you keep in your vehicle?",A winter survival kit,Extra gasoline containers,A set of tire chains,A portable heater only,A,0,"The Minnesota Driver's Manual recommends keeping a winter survival kit including blankets, flashlight, food, water, and other emergency supplies in your vehicle during winter months."
State-Specific,MN,MN-030,stateUnique,"On a Minnesota road with a speed limit of 55 mph or higher, by how much can you exceed the speed limit to pass another vehicle?",5 mph over the limit,10 mph over the limit,15 mph over the limit,You may not exceed the speed limit to pass,B,1,"Minnesota law allows drivers to exceed the speed limit by up to 10 mph when passing on two-lane roads with a speed limit of 55 mph or higher, only while in the left (passing) lane."
State-Specific,MO,MO-023,stateUnique,What is the default speed limit on rural interstates and freeways in Missouri?,70 mph,65 mph,75 mph,60 mph,A,0,Missouri's statutory speed limit on rural interstate highways and freeways is 70 mph per RSMo 304.010.
State-Specific,MO,MO-024,stateUnique,What is the default speed limit on two-lane lettered highways in Missouri?,45 mph,55 mph,60 mph,65 mph,B,1,Two-lane lettered state highways in Missouri have a default speed limit of 55 mph when no sign is posted.
State-Specific,MO,MO-025,stateUnique,How many points in 18 months will trigger a license suspension in Missouri?,6 or more points,10 or more points,8 or more points,12 or more points,C,2,"In Missouri, accumulating 8 or more points within an 18-month period results in a license suspension."
State-Specific,MO,MO-026,stateUnique,What property damage threshold requires you to report a crash in Missouri?,$100 or more,$250 or more,"$1,000 or more",$500 or more,D,3,Missouri law requires a crash report when property damage to any one person exceeds $500 (RSMo 303.040).
State-Specific,MO,MO-027,stateUnique,Are left turns on red permitted in Missouri?,"No, left on red is never allowed","Yes, from one-way to one-way only","Yes, after a full stop always","Yes, when no sign prohibits it",A,0,"Unlike some states, Missouri does not permit left turns on red, even from a one-way street onto another one-way street."
State-Specific,MO,MO-028,stateUnique,"What is the default speed limit in Missouri cities, towns, and villages when no sign is posted?",20 mph,25 mph,30 mph,35 mph,B,1,"When no speed limit sign is posted, the default speed limit in Missouri cities, towns, and villages is 25 mph."
State-Specific,MO,MO-029,stateUnique,How often must vehicles pass a safety inspection in Missouri?,Every year,Every three years,Every two years (biennial),Only when transferring ownership,C,2,"Missouri requires a biennial safety inspection — even model year vehicles in even calendar years, odd in odd years."
State-Specific,MO,MO-030,stateUnique,"At what age must a child in Missouri use a booster seat if under 80 lbs and shorter than 4'9""?",Ages 2 through 5,Ages 3 through 6,Ages 5 through 8,Ages 4 through 7,D,3,"Missouri law requires children ages 4-7 who weigh at least 40 lbs but under 80 lbs and are shorter than 4'9"" to use a booster seat or appropriate child restraint (RSMo 307.179)."
State-Specific,MO,MO-035,stateUnique,"What is the default speed limit on urban interstates, freeways, and expressways in Missouri?",60 mph,55 mph,65 mph,70 mph,A,0,"Missouri's statutory speed limit on interstate highways, freeways, and expressways within urbanized areas is 60 mph."
State-Specific,MO,MO-036,stateUnique,What happens to your accumulated points after a suspension is served in Missouri?,All points are removed entirely,Points are reduced to 4,Points remain unchanged,Points are reduced by half,B,1,"When your driving privilege is reinstated following a point suspension or revocation in Missouri, total points are reduced to 4."
State-Specific,MO,MO-037,stateUnique,What is the default speed limit on two-lane numbered state highways outside city limits in Missouri?,45 mph,55 mph,60 mph,65 mph,C,2,Two-lane numbered state highways outside urbanized areas in Missouri have a default speed limit of 60 mph.
State-Specific,MS,MS-019,stateUnique,What is the default speed limit on Mississippi state highways?,65 mph,55 mph,70 mph,60 mph,A,0,Mississippi's default maximum speed limit on state highways is 65 mph. The Transportation Commission may raise it to 70 mph on interstates and four-lane highways.
State-Specific,MS,MS-021,stateUnique,What is unique about Mississippi's open container law?,Only passengers may have open containers,No statewide open container law exists,Open containers allowed only in trunk,Strict ban on all open containers,B,1,Mississippi is the only state without a statewide open container law. Drivers and passengers may have open alcohol in a vehicle as long as the driver is not impaired.
State-Specific,MS,MS-023,stateUnique,What type of seat belt enforcement does Mississippi use?,Secondary enforcement only,No seat belt law exists,Primary enforcement,Voluntary compliance only,C,2,"Mississippi has primary seat belt enforcement, meaning officers can stop and ticket drivers solely for not wearing a seat belt without needing another traffic violation."
State-Specific,MS,MS-024,stateUnique,Who is required to wear a seat belt in Mississippi?,Only the driver,Driver and front passengers,Only passengers under 18,All occupants in all seats,D,3,Mississippi law requires every operator and every passenger to wear a properly fastened safety seat belt when the vehicle is in motion on a public road.
State-Specific,MS,MS-025,stateUnique,Until what age must children use a child safety seat in Mississippi?,Under 4 years old,Under 6 years old,Under 8 years old,Under 2 years old,A,0,Mississippi law requires every child under age 4 to be properly restrained in a child passenger restraint device or system meeting federal safety standards.
State-Specific,MS,MS-026,stateUnique,When must a child aged 4 to 6 use a booster seat in Mississippi?,Always until age 7,"Under 4'9"" or under 65 lbs",Only in the front seat,Only on highways,B,1,Mississippi requires children aged 4 through 6 to use a belt-positioning booster seat if they are shorter than 4 feet 9 inches or weigh less than 65 pounds.
State-Specific,MS,MS-027,stateUnique,What is the maximum speed limit on Mississippi interstate highways?,65 mph,75 mph,70 mph,60 mph,C,2,The Mississippi Transportation Commission may set speed limits up to 70 mph on interstate highways and four-lane U.S. highways.
State-Specific,MS,MS-028,stateUnique,What is the minimum speed limit on Mississippi interstates?,25 mph,35 mph,45 mph,40 mph,D,3,Mississippi law establishes a minimum speed of 40 mph on interstate highways and four-lane U.S. highways when no hazard exists.
State-Specific,MS,MS-029,stateUnique,How far may a truck legally drive in the center of a highway in Mississippi?,No more than 200 yards,No more than 500 yards,No more than one mile,No distance limit exists,A,0,"Mississippi law makes it unlawful for a truck or other vehicle to drive in or near the center of a highway for more than 200 yards, and must turn right to allow overtaking vehicles to pass."
State-Specific,MS,MS-030,stateUnique,What is the minimum speed on four-lane U.S. highways in Mississippi?,25 mph,30 mph,40 mph,35 mph,B,1,"Mississippi has a minimum speed of 30 mph on four-lane U.S. highways when no hazard exists, separate from the 40 mph minimum on interstates."
State-Specific,MS,MS-034,stateUnique,Can passengers legally drink alcohol in a moving vehicle in Mississippi?,"Never, it is always illegal",Only in the back seat area,"Yes, if driver is not impaired",Only in commercial vehicles,C,2,Mississippi has no statewide open container law. Passengers may consume alcohol in a vehicle as long as the driver remains under the legal BAC limit and is not impaired.
State-Specific,MS,MS-035,stateUnique,How does Mississippi require drivers to signal before turning?,At least 100 feet before,At least 200 feet before,Only when other cars present,"Continuously, reasonable distance",D,3,"Mississippi law requires a signal of intention to turn right or left to be given continuously for a reasonable distance before turning, rather than specifying a fixed distance."
State-Specific,MS,MS-040,stateUnique,Who sets local speed limits near schools and churches in Mississippi?,County boards and municipalities,Mississippi Transportation Commission,State Highway Patrol only,Individual school districts,A,0,"Mississippi law authorizes county boards of supervisors and municipal governing authorities to set maximum speed limits near schools, churches, on levees, causeways, and other designated special zones within their jurisdictions."
State-Specific,MT,MT-024,stateUnique,What is the maximum speed limit on non-interstate highways in Montana during the daytime?,70 mph daytime,65 mph daytime,60 mph daytime,75 mph daytime,A,0,Montana's maximum speed limit on non-interstate public highways is 70 mph during the daytime and 65 mph at nighttime per MCA 61-8-303.
State-Specific,MT,MT-025,stateUnique,When must you dim your high-beam headlights for an oncoming vehicle in Montana?,Within 500 feet,"Within 1,000 feet","Within 1,500 feet","Within 2,000 feet",B,1,"Montana law requires you to dim your high-beam headlights when within 1,000 feet of an oncoming vehicle and within 500 feet when following another vehicle."
State-Specific,MT,MT-027,stateUnique,"Under Montana's child restraint law, children under what age must ride in a rear-facing car seat?",Under 1 year old,Under 18 months old,Under 2 years old,Under 3 years old,C,2,"Montana HB 586 requires children under 2 to be placed in a rear-facing harness seat, children 2-4 in a rear-facing or forward-facing harness, and children 4-8 in a forward-facing harness or booster seat."
State-Specific,MT,MT-028,gdlLicensing,How many days do new Montana residents have to transfer their out-of-state driver's license?,15 days,30 days,45 days,60 days,D,3,Individuals with out-of-state licenses must apply for a Montana driver's license within 60 days of establishing residency for a non-commercial license.
State-Specific,MT,MT-029,duiStateLaws,What does Montana's open container law prohibit in a motor vehicle?,Open alcoholic beverage in passenger area,Sealed alcohol in the trunk,Empty bottles anywhere in car,Alcohol purchased same day,A,0,Montana's open container law makes it unlawful to knowingly possess an open alcoholic beverage container in the passenger area of a motor vehicle.
State-Specific,MT,MT-030,stateUnique,How long do conviction points remain on your Montana driving record?,Two years,Three years,Five years,Seven years,B,1,"In Montana, conviction points remain on a driving record for three years from the conviction date, though the convictions themselves become a permanent part of the record."
State-Specific,MT,MT-035,stateUnique,What is the nighttime speed limit on non-interstate highways in Montana?,55 mph,60 mph,65 mph,70 mph,C,2,"Montana's nighttime speed limit on non-interstate public highways is 65 mph, compared to 70 mph during the daytime per MCA 61-8-303."
State-Specific,MT,MT-036,stateUnique,When must you use headlights while driving in Montana?,Only between full dark and dawn,One hour after sunset to one hour before sunrise,Only when visibility is under 200 feet,Half hour after sunset to half hour before sunrise,D,3,"Montana requires headlights from half an hour after sunset to half an hour before sunrise, when you cannot see 500 feet ahead, or in conditions of insufficient light or adverse weather."
State-Specific,MT,MT-037,stateUnique,Are red-light cameras legal in Montana?,"No, prohibited by law","Yes, in all cities","Yes, only on highways",Only in school zones,A,0,Red-light cameras are prohibited by Montana law. Enforcement of traffic signals is done by law enforcement officers.
State-Specific,MT,MT-038,stateUnique,How many habitual-offender points in three years will cause your Montana license to be revoked?,20 points,30 points,40 points,50 points,B,1,"When a driver accumulates 30 habitual offender points within three years, Montana's Driver Control Bureau revokes the license for three years."
State-Specific,MT,MT-040,gdlLicensing,How many days do you have to notify Montana MVD of an address or name change?,5 days,7 days,10 days,30 days,C,2,Montana law requires drivers to notify the MVD within 10 days of a change of name or address.
State-Specific,NC,NC-010,gdlLicensing,How long must you hold a Level 2 license before advancing to Level 3 in North Carolina?,6 months minimum,9 months minimum,12 months minimum,3 months minimum,A,0,"In North Carolina, you must hold your Level 2 Limited Provisional License for at least six months before you can upgrade to a Level 3 Full Provisional License."
State-Specific,NC,NC-019,duiStateLaws,How many points on your driving record will result in license suspension in North Carolina?,12 points in three years,8 points in two years,15 points in three years,6 points in one year,A,0,"In North Carolina, accumulating 12 or more points within a three-year period may result in license suspension. After reinstatement, 8 points within three years can trigger an additional suspension."
State-Specific,NC,NC-023,stateUnique,Until what age or weight must children ride in a child safety seat or booster in North Carolina?,Under age 6 or 60 pounds,Under age 10 regardless,Under age 8 and under 80 lbs,Under age 5 or 40 pounds,C,2,"North Carolina law requires children younger than age 8 who weigh less than 80 pounds to be properly secured in a child restraint or booster seat. Once a child reaches age 8 or 80 pounds, a seat belt may be used."
State-Specific,NC,NC-025,stateUnique,Who is required to wear a seat belt under North Carolina law?,Only front seat occupants,Only the driver,All vehicle occupants,Only on highways,C,2,North Carolina law requires each occupant of a motor vehicle equipped with seat belts to have a seat belt properly fastened at all times when the vehicle is in forward motion.
State-Specific,NC,NC-026,stateUnique,What is the default speed limit inside city or town limits in North Carolina when not otherwise posted?,25 mph,30 mph,35 mph,45 mph,C,2,"Under North Carolina General Statute 20-141, the default speed limit inside municipal corporate limits is 35 mph unless otherwise posted."
State-Specific,NC,NC-027,stateUnique,What is the minimum property damage amount that requires reporting a crash to the DMV in North Carolina?,$500,"$1,000","$2,500","$5,000",B,1,"In North Carolina, a crash is reportable when it results in injury, death, or property damage of $1,000 or more. The driver must immediately notify law enforcement."
State-Specific,NC,NC-028,stateUnique,How often must drivers ages 18 to 66 renew their driver license in North Carolina?,Every 4 years,Every 5 years,Every 8 years,Every 10 years,C,2,"In North Carolina, standard Class C driver licenses issued to persons aged 18 to 66 are valid for eight years before renewal is required."
State-Specific,NC,NC-029,stateUnique,How long do new residents have to obtain a North Carolina driver license after moving to the state?,30 days,60 days,90 days,6 months,B,1,New North Carolina residents must obtain an NC driver license within 60 days of establishing residency in the state.
State-Specific,NC,NC-030,stateUnique,What is the maximum speed limit allowed on interstate highways in North Carolina?,65 mph,70 mph,75 mph,80 mph,B,1,"The maximum speed limit on interstate highways in North Carolina is 70 mph, as set by General Statute 20-141."
State-Specific,NC,NC-033,stateUnique,What must slow-moving vehicles display when traveling on North Carolina roads?,Flashing headlights,White flag on antenna,Orange reflective triangle,Yellow hazard lights only,C,2,"In North Carolina, slow-moving vehicles traveling under 45 mph on public roads must display a fluorescent orange triangle on the rear of the vehicle to alert other drivers."
State-Specific,NC,NC-039,stateUnique,What does North Carolina law require of slower traffic on multi-lane highways?,Drive in the right lane except when passing,Any lane may be used at any speed,Use the center lane only,Left lane for all traffic,A,0,North Carolina law requires slower-moving traffic to keep right on highways with two or more lanes in the same direction. The left lane should be used primarily for passing.
State-Specific,ND,ND-019,stateUnique,What is the speed limit on Interstate highways outside city limits in North Dakota?,65 mph,70 mph,75 mph,80 mph,D,3,"As of August 2025, the speed limit on I-94 and I-29 outside city limits in North Dakota is 80 mph."
State-Specific,ND,ND-021,stateUnique,Until what age must children be secured in a child restraint (car seat or booster seat) in North Dakota?,Under 5 years old,Under 6 years old,Under 8 years old,Under 10 years old,C,2,North Dakota law requires children under 8 years old to be properly secured in a child restraint system.
State-Specific,ND,ND-022,stateUnique,What is the speed limit on gravel or loose-surface highways in North Dakota?,45 mph,55 mph,65 mph,50 mph,B,1,"The speed limit on gravel, loose dirt, or loose-surface highways in North Dakota is 55 mph unless otherwise posted."
State-Specific,ND,ND-023,stateUnique,What is the speed limit on paved four-lane divided highways in North Dakota?,55 mph,60 mph,65 mph,70 mph,D,3,The speed limit on paved four-lane divided highways in North Dakota is 70 mph.
State-Specific,ND,ND-024,stateUnique,What is the default speed limit on paved two-lane highways in North Dakota if posted?,55 mph,65 mph,70 mph,60 mph,B,1,North Dakota allows a speed limit of 65 mph on two-lane highways if posted for that speed.
State-Specific,ND,ND-025,stateUnique,How close to the curb must your right-hand wheels be when parallel parking on a two-way road in North Dakota?,Within 12 inches,Within 18 inches,Within 6 inches,Within 24 inches,A,0,North Dakota law requires vehicles parked on a two-way roadway to have right-hand wheels within 12 inches of the curb.
State-Specific,ND,ND-026,stateUnique,Are tire chains permitted on North Dakota roads during winter?,"Yes, when necessary for safety","No, they are prohibited statewide",Only on Interstate highways,Only with a special permit,A,0,"North Dakota permits the use of tire chains when necessary for safety, though they are not mandatory."
State-Specific,ND,ND-027,stateUnique,When is a left turn on red permitted in North Dakota?,From a one-way street onto a one-way street,Never permitted at any time,From any street onto a one-way street,Only with a green arrow signal,A,0,"In North Dakota, a left turn on red is permitted from a one-way street onto another one-way street after a complete stop."
State-Specific,ND,ND-028,stateUnique,Is double parking legal in North Dakota?,"Yes, if using hazard lights","No, it is prohibited","Yes, for loading and unloading",Only in commercial zones,B,1,"North Dakota law prohibits double parking alongside parallel-parked vehicles, as it obstructs the street."
State-Specific,ND,ND-029,stateUnique,What must slow-moving vehicles display on the rear in North Dakota?,A triangular orange emblem,A red flag on the left side,Yellow reflective tape only,A flashing blue light only,A,0,North Dakota requires vehicles designed for 25 mph or less to display a triangular slow-moving vehicle emblem or flashing lights.
State-Specific,ND,ND-030,stateUnique,"On a divided highway with separate roadways, must you stop for a school bus on the other side in North Dakota?","Yes, always stop in all cases","No, you are not required to stop",Only if children are visible,Only during school hours,B,1,"In North Dakota, drivers on a highway with separate roadways do not need to stop for a school bus on a different roadway."
State-Specific,ND,ND-037,stateUnique,What sign must every school bus display on its rear in North Dakota?,THIS SCHOOLBUS STOPS AT ALL RAILROAD CROSSINGS,CAUTION CHILDREN ON BOARD sign,SCHOOL ZONE AHEAD warning sign,STOP WHEN RED LIGHTS FLASH sign,A,0,North Dakota law requires every school bus to display 'THIS SCHOOLBUS STOPS AT ALL RAILROAD CROSSINGS' on the rear.
State-Specific,ND,ND-038,stateUnique,What is the default speed limit on paved two-lane county and township highways in North Dakota?,45 mph,55 mph,65 mph,50 mph,B,1,The speed limit on paved two-lane county and township highways in North Dakota is 55 mph unless otherwise posted.
State-Specific,ND,ND-039,stateUnique,What does the hand signal of an arm extended horizontally out the window indicate in North Dakota?,Left turn signal,Right turn signal,Stopping or slowing signal,Passing signal to others,A,0,"Under North Dakota law, extending the hand and arm horizontally out the driver's window signals a left turn."
State-Specific,ND,ND-040,stateUnique,At what maximum speed are vehicles required to display a slow-moving vehicle emblem in North Dakota?,15 mph or less designed speed,20 mph or less designed speed,25 mph or less designed speed,30 mph or less designed speed,C,2,North Dakota requires vehicles designed for operation at 25 mph or less to display a slow-moving vehicle emblem.
State-Specific,NE,NE-013,stateUnique,What is the default speed limit in residential districts in Nebraska?,25 mph,30 mph,20 mph,35 mph,A,0,This is the correct answer based on NE driving laws.
State-Specific,NE,NE-022,stateUnique,What is the maximum speed limit on interstate highways in Nebraska?,65 mph,70 mph,75 mph,80 mph,C,2,This is the correct answer based on NE driving laws.
State-Specific,NE,NE-023,stateUnique,What is the default speed limit on Nebraska state highways (not expressways or interstates)?,55 mph,60 mph,65 mph,70 mph,C,2,This is the correct answer based on NE driving laws.
State-Specific,NE,NE-024,stateUnique,How many points accumulated in two years will cause automatic license revocation under Nebraska's point system?,6 points,8 points,10 points,12 points,D,3,This is the correct answer based on NE driving laws.
State-Specific,NE,NE-025,stateUnique,What does Nebraska's open container law prohibit in the passenger area of a motor vehicle?,Possession of open alcoholic beverages,Only drinking while vehicle is moving,Open containers only on highways,Alcoholic beverages only if unsealed,A,0,This is the correct answer based on NE driving laws.
State-Specific,NE,NE-026,stateUnique,Until what age must children in Nebraska ride in a child passenger restraint system?,Under 6 years old,Under 8 years old,Under 10 years old,Under 5 years old,B,1,This is the correct answer based on NE driving laws.
State-Specific,NE,NE-027,stateUnique,When are you NOT required to stop for a school bus with flashing red lights in Nebraska?,When on a road with four or more lanes,When traveling under 25 mph already,When approaching from opposite direction on a road divided by a median,When the bus is on a side street,C,2,This is the correct answer based on NE driving laws.
State-Specific,NE,NE-028,stateUnique,What is the penalty for speeding violations in a Nebraska construction zone?,Same fine as any other location,Fine plus mandatory court date,Triple the original fine amount,Double the original fine amount,D,3,This is the correct answer based on NE driving laws.
State-Specific,NE,NE-029,stateUnique,What is the minimum safe passing distance when overtaking a bicyclist in Nebraska?,3 feet,4 feet,5 feet,2 feet,A,0,This is the correct answer based on NE driving laws.
State-Specific,NE,NE-030,stateUnique,Within what distance of an intersection or railroad crossing is passing another vehicle prohibited in Nebraska?,50 feet,100 feet,150 feet,200 feet,B,1,This is the correct answer based on NE driving laws.
State-Specific,NE,NE-036,stateUnique,Until what age must children in Nebraska ride in a rear-facing child restraint system?,Until age 1,Until age 2 or until outgrowing the seat,Until age 3,No rear-facing requirement exists,B,1,This is the correct answer based on NE driving laws.
State-Specific,NE,NE-037,gdlLicensing,"During the first 6 months, how many non-family passengers under 19 can ride with a POP holder in Nebraska?",No more than 1 passenger,No more than 2 passengers,No more than 3 passengers,No passenger restrictions apply,A,0,This is the correct answer based on NE driving laws.
State-Specific,NE,NE-039,gdlLicensing,How long must you hold a Provisional Operator's Permit before qualifying for an unrestricted license in Nebraska?,6 months,9 months,12 months,18 months,C,2,This is the correct answer based on NE driving laws.
State-Specific,NE,NE-040,duiStateLaws,How many points are assessed against your driving record for a first or second DUI offense in Nebraska?,3 points,4 points,5 points,6 points,D,3,This is the correct answer based on NE driving laws.
State-Specific,NH,NH-016,stateUnique,What is unique about New Hampshire's seatbelt law for adults 18 and older?,No seatbelt law for adults,Only required on highways,Required only for front seat,Required but not enforced,A,0,New Hampshire is the only state that does not require adults 18 and older to wear a seatbelt. Only passengers under 18 must be buckled up.
State-Specific,NH,NH-017,stateUnique,What does New Hampshire law require for child passengers under the age of 7?,Seatbelt only required,Child restraint system required,Must ride in back seat only,No special requirement needed,B,1,New Hampshire law requires that children under age 7 be secured in an approved child restraint system such as a car seat or booster seat.
State-Specific,NH,NH-024,stateUnique,What type of child restraint is required for passengers under age 2 in New Hampshire?,Forward-facing car seat only,Booster seat required,Rear-facing child restraint,Standard seatbelt allowed,C,2,New Hampshire law requires children under 2 years of age to be secured in a rear-facing child restraint system.
State-Specific,NH,NH-027,stateUnique,What is the default speed limit in a business or urban residence district in New Hampshire?,30 mph,25 mph,35 mph,20 mph,A,0,"In New Hampshire, the default speed limit in any business or urban residence district is 30 mph unless otherwise posted."
State-Specific,NH,NH-028,stateUnique,What is the default speed limit in a rural residence district in New Hampshire?,30 mph,35 mph,40 mph,25 mph,B,1,The default speed limit in rural residence districts and on Class V highways outside the compact part of a city or town in New Hampshire is 35 mph.
State-Specific,NH,NH-029,stateUnique,What is the speed limit on the interstate system and turnpikes in New Hampshire unless otherwise posted?,55 mph,60 mph,65 mph,70 mph,C,2,"The speed limit on the interstate system, the Central NH Turnpike, and the Eastern NH Turnpike is 65 mph unless otherwise posted."
State-Specific,NH,NH-030,stateUnique,How often were New Hampshire vehicles required to pass a safety inspection before the 2026 change?,Every six months,Every two years,Every three years,Once per year,D,3,"Prior to the January 2026 change, New Hampshire required annual vehicle safety inspections for passenger vehicles."
State-Specific,NH,NH-031,stateUnique,How far from a fire hydrant must you park in New Hampshire?,At least 15 feet,At least 10 feet,At least 20 feet,At least 25 feet,A,0,New Hampshire law prohibits parking within 15 feet of a fire hydrant (RSA 265:69).
State-Specific,NH,NH-032,stateUnique,How far from a crosswalk must you park in New Hampshire?,At least 10 feet,At least 20 feet,At least 25 feet,At least 30 feet,B,1,New Hampshire law prohibits parking within 20 feet of a crosswalk at an intersection (RSA 265:69).
State-Specific,NH,NH-034,stateUnique,How far from a stop sign or traffic signal must you park in New Hampshire?,At least 10 feet,At least 20 feet,At least 30 feet,At least 50 feet,C,2,"New Hampshire law prohibits parking within 30 feet of any flashing beacon, stop sign, or traffic control device (RSA 265:69)."
State-Specific,NH,NH-035,stateUnique,How many demerit points are assigned for speeding less than 25 mph over the limit in New Hampshire?,1 point,2 points,4 points,3 points,D,3,"In New Hampshire's demerit point system, speeding less than 25 mph over the posted limit results in 3 demerit points."
State-Specific,NH,NH-036,stateUnique,How many demerit points in two years can trigger a license suspension in New Hampshire?,18 points,12 points,15 points,20 points,A,0,Accumulating 18 demerit points within two calendar years can result in a license suspension of up to 6 months in New Hampshire.
State-Specific,NH,NH-037,stateUnique,What does New Hampshire's basic speed rule require?,Always drive at the posted limit,Drive at a reasonable and prudent speed,Drive below the posted speed limit,Match the speed of traffic flow,B,1,"New Hampshire's basic speed rule (RSA 265:60) prohibits driving at a speed greater than is reasonable and prudent under the conditions, regardless of the posted limit."
State-Specific,NH,NH-038,gdlLicensing,How does a Youth Operator license look different from a standard license in New Hampshire?,It has a red border,It is printed on yellow card,It is oriented vertically,It is half the standard size,C,2,New Hampshire Youth Operator licenses are oriented vertically rather than horizontally and display 'Under 21 until (date)' on the face.
State-Specific,NH,NH-040,stateUnique,What is the default speed limit on other New Hampshire roads not otherwise posted?,45 mph,50 mph,40 mph,55 mph,D,3,"The default speed limit on New Hampshire roads that are not in a business, urban, or rural residence district and are not on the interstate system is 55 mph."
State-Specific,NJ,NJ-016,stateUnique,What is a jughandle in New Jersey?,A ramp on the right used to make left turns,A U-turn lane in the center median,A left turn signal at major intersections,A dedicated bus lane on highways,A,0,A jughandle is a right-side ramp unique to New Jersey that allows drivers to make left turns or U-turns by first exiting to the right. They are common on multi-lane highways throughout the state.
State-Specific,NJ,NJ-018,stateUnique,What is unique about gas stations in New Jersey?,Gas is tax-free in New Jersey,Drivers are not allowed to pump their own gas,Gas stations must close by midnight,Only cash payments are accepted,B,1,New Jersey is the only state where it is illegal for drivers to pump their own gas. All gas stations are required to be full-service by law.
State-Specific,NJ,NJ-023,speedLimits,"What is the default speed limit on non-posted roadways in New Jersey that are not in a business, residential, or school zone?",35 mph,45 mph,50 mph,55 mph,C,2,"In New Jersey, the default speed limit on roadways that are not posted and not in a school zone, business, or residential district is 50 mph. School zones, business, and residential districts default to 25 mph."
State-Specific,NJ,NJ-025,stateUnique,"When passing a bicyclist on a single-lane road in New Jersey, how much space must you leave?",At least 2 feet,At least 3 feet,At least 5 feet,At least 4 feet,D,3,"New Jersey's Safe Passing Law requires drivers to provide at least 4 feet of space when passing a bicyclist or other vulnerable road user on a single-lane road. On multi-lane roads, drivers must move over a lane."
State-Specific,NJ,NJ-026,seatbeltChild,Until what age or height must a child ride in a booster seat in New Jersey?,Until age 6 or 50 inches tall,Until age 8 or 57 inches tall,Until age 10 or 60 inches tall,Until age 5 or 48 inches tall,B,1,"In New Jersey, children must be secured in an appropriate child restraint or booster seat until they are 8 years old or 57 inches tall. After that, they must use the vehicle's seat belt."
State-Specific,NJ,NJ-027,speedLimits,What is the speed limit in a school zone in New Jersey when children are present?,15 mph,20 mph,25 mph,30 mph,C,2,"In New Jersey, the speed limit in a school zone is 25 mph when children are present or during school opening/closing hours. This is also the default speed limit in business and residential districts."
State-Specific,NJ,NJ-028,stateUnique,How far must you park from a stop sign in New Jersey?,At least 25 feet,At least 30 feet,At least 50 feet,At least 75 feet,C,2,"In New Jersey, you must park at least 50 feet from a stop sign. Other NJ parking rules include 10 feet from a fire hydrant, 25 feet from a crosswalk, and 50 feet from a railroad crossing."
State-Specific,NJ,NJ-029,stateUnique,What happens to fines for traffic violations in a New Jersey construction zone?,Fines remain the same,Fines are tripled,Fines are doubled,A warning is issued first,C,2,"In New Jersey, fines for traffic violations committed in a construction or work zone are doubled. This also applies to speeding in school zones and exceeding a 65 mph speed limit by 10 mph or more."
State-Specific,NJ,NJ-030,seatbeltChild,Who is required to wear a seat belt in New Jersey?,Only the driver,Driver and front seat passengers only,All front seat occupants and all passengers under 18,Only passengers under 21,C,2,"New Jersey law requires all front seat occupants to wear seat belts, as well as all passengers under 18 in any seating position. Children under 8 or under 57 inches must be in an appropriate child restraint."
State-Specific,NM,NM-025,stateUnique,What happens if you accumulate 12 or more points on your driving record in one year in New Mexico?,Warning letter is mailed out,Required to take driving class,License suspended for 12 months,Points reset to zero automatically,C,2,"In New Mexico, accumulating 12 or more points in one year results in a 12-month license suspension."
State-Specific,NM,NM-026,stateUnique,At how many points does the New Mexico MVD issue a warning to a driver?,4 points accumulated,8 points accumulated,10 points accumulated,6 points accumulated,D,3,The New Mexico MVD issues a warning when a driver accumulates at least 6 points on their record.
State-Specific,NM,NM-027,stateUnique,What is the speed limit when passing a school zone while children are present in New Mexico?,15 mph when properly posted,20 mph when properly posted,25 mph when properly posted,10 mph when properly posted,A,0,New Mexico law sets the speed limit at 15 mph when passing a school while children are going to or leaving school and the zone is properly posted.
State-Specific,NM,NM-028,stateUnique,Until what age must children ride in a child safety seat in New Mexico regardless of weight?,5th birthday,7th birthday,6th birthday,8th birthday,B,1,New Mexico law requires all children up to their 7th birthday to ride in a child safety seat regardless of weight.
State-Specific,NM,NM-029,stateUnique,What type of seat belt enforcement does New Mexico have?,Primary enforcement for all seats,Secondary enforcement only,"Primary for front, secondary back",No seat belt enforcement law,A,0,New Mexico has a primary enforcement seat belt law requiring all passengers in all positions to be belted at all times.
State-Specific,NM,NM-030,stateUnique,What does New Mexico's Move Over law require when approaching a stopped emergency vehicle?,Honk to alert emergency crew,Change lanes or slow down safely,Come to a complete stop first,Flash your headlights at them,B,1,New Mexico's Move Over law requires drivers to move over a lane or slow down when approaching stationary vehicles displaying flashing emergency lights.
State-Specific,NM,NM-031,stateUnique,What is the default speed limit on roads where no speed limit is posted in New Mexico?,45 mph on unposted roads,65 mph on unposted roads,55 mph on unposted roads,35 mph on unposted roads,C,2,The default speed limit on any road where no speed limit is posted in New Mexico is 55 mph.
State-Specific,NM,NM-032,stateUnique,What is the maximum speed limit on interstate highways in New Mexico?,65 mph maximum allowed,80 mph maximum allowed,70 mph maximum allowed,75 mph maximum allowed,D,3,The maximum speed limit on New Mexico interstate highways is 75 mph.
State-Specific,NM,NM-033,stateUnique,What weight must a child be before they can use a regular seat belt without a booster in New Mexico?,60 pounds or more,40 pounds or more,50 pounds or more,80 pounds or more,A,0,"In New Mexico, children under 60 pounds regardless of age must ride in a child safety seat. They can use a regular belt once they weigh 60+ pounds and the belt fits properly."
State-Specific,NM,NM-037,stateUnique,What ages must children ride in a booster seat in New Mexico?,Ages 7 to 12 until belt fits,Ages 4 to 8 until belt fits,Ages 5 to 10 until belt fits,Ages 6 to 9 until belt fits,A,0,New Mexico law requires children ages 7 to 12 to ride in a booster seat until the adult seat belt fits them properly.
State-Specific,NM,NM-040,stateUnique,What can result from a license suspension of 7 to 10 points in one year in New Mexico?,Up to 3-month suspension if court recommends,Automatic 6-month suspension,Mandatory driving school only,License permanently revoked,A,0,"In New Mexico, 7 to 10 points in one year may result in up to a 3-month suspension, but only if a municipal or magistrate court recommends it."
State-Specific,NV,NV-018,cellPhone,What happens to demerit points for a second or subsequent cell phone violation while driving in Nevada?,No demerit points are assigned at all,4 demerit points are added to record,2 demerit points are added to record,License is automatically suspended now,B,1,"In Nevada, a second or subsequent handheld cell phone offense carries 4 demerit points. The first offense is not treated as a moving violation."
State-Specific,NV,NV-021,stateUnique,What is Nevada's 'Basic Rule' regarding driving speed?,Drive at speed reasonable for conditions,Always drive at the posted speed limit,Drive 5 mph below the speed limit posted,Match the speed of surrounding traffic flow,A,0,"Nevada's Basic Rule (NRS 484B.600) requires driving at a reasonable and proper speed considering traffic, weather, and road conditions, which may be considerably less than the posted limit."
State-Specific,NV,NV-022,stateUnique,How many demerit points within 12 months will result in a license suspension in Nevada?,8 or more demerit points total,12 or more demerit points total,6 or more demerit points total,15 or more demerit points total,B,1,"In Nevada, accumulating 12 or more demerit points within a 12-month period results in a 6-month license suspension."
State-Specific,NV,NV-023,stateUnique,How can you remove demerit points from your Nevada driving record?,Points are removed automatically each year,Pay an additional fine to the DMV office,Complete DMV-approved traffic safety course,Write a letter of appeal to DMV director,C,2,"If you have between 3 and 11 demerit points, you may remove 3 points by completing a DMV-approved traffic safety course, provided it is not part of a plea-bargain agreement."
State-Specific,NV,NV-024,stateUnique,Who must wear a seat belt in a vehicle in Nevada?,Only the driver must wear a seat belt,Driver and front seat passengers only,Only passengers under age 18 must comply,All occupants in front and rear seats,D,3,"Nevada law requires all vehicle occupants, including those in front and rear seats, to wear a seat belt."
State-Specific,NV,NV-025,stateUnique,At what age must children in Nevada be secured in a child restraint system?,Under 6 years old and under 57 inches,Under 8 years old and under 60 inches,Under 4 years old regardless of height,Under 10 years old regardless of height,A,0,Nevada law (NRS 484B.157) requires children under 6 years of age and under 57 inches tall to be secured in an approved child restraint system.
State-Specific,NV,NV-026,stateUnique,What minimum clearance must a motorist give when passing a bicyclist in Nevada?,At least 2 feet of clearance space,At least 3 feet of clearance space,At least 5 feet of clearance space,No specific clearance is required by law,B,1,"Nevada law (NRS 484B.270) requires motorists to pass bicyclists with at least 3 feet of clearance, or move into an adjacent lane if possible."
State-Specific,NV,NV-027,stateUnique,What is the speed limit in a Nevada school zone?,20 mph when children are present,25 mph during school hours posted,15 mph when posted limit is in effect,10 mph at all times in school areas,C,2,Nevada law (NRS 484B.363) sets the speed limit in a designated school zone at 15 mph. School crossing zones have a 25 mph limit.
State-Specific,NV,NV-028,stateUnique,What must you do if involved in a crash with damages of $750 or more in Nevada and no police officer investigates?,Report to your insurance company only,No report is required at all to file,File a police report within 30 days time,File DMV Form SR-1 within 10 days time,D,3,"Nevada law requires all crashes involving injuries or damages of $750 or more to be reported to the DMV. If police do not investigate, all involved parties must file Form SR-1 within 10 days."
State-Specific,NV,NV-029,stateUnique,Can passengers under 18 ride in the bed of a pickup truck in Nevada?,"No, prohibited for those under 18","Yes, if an adult is also present there","Yes, at any age on local roads only",Only if the truck has a camper shell,A,0,"Nevada law (NRS 484B.160) prohibits passengers under 18 from riding in the back of a pickup or flatbed truck, with exceptions for farming/ranching, parades, and camper shells."
State-Specific,NV,NV-030,duiStateLaws,How long is a driver's license revoked for a first DUI conviction in Nevada?,90 days minimum revocation period,At least 185 days revocation period,1 year minimum revocation period set,30 days minimum revocation period set,B,1,"In Nevada, a DUI conviction results in a driver's license revocation of at least 185 days as an administrative penalty."
State-Specific,NV,NV-033,stateUnique,What must a motorist do when approaching a stalled vehicle disrupting traffic in Nevada?,Maintain speed and pass as quickly as you can,Stop completely behind the stalled vehicle now,Slow down and move over a lane if safe,Flash headlights to warn other drivers around,C,2,Nevada's Move-Over Law applies not only to emergency vehicles but also to any traffic incident including stalled vehicles. Drivers must decrease speed and move over if possible.
State-Specific,NV,NV-035,stateUnique,Is it legal to leave a dog or cat unattended in a vehicle during extreme heat or cold in Nevada?,"Yes, if the windows are cracked open slightly","Yes, for up to 15 minutes maximum time",Only if the engine and AC are running now,"No, illegal and officials may rescue animal",D,3,Nevada law (NRS 202.487) makes it illegal to leave a dog or cat unattended in a vehicle during extreme heat or cold. Law enforcement and firefighters may use reasonable force to rescue the animal.
State-Specific,NV,NV-038,cellPhone,Are cell phone violation fines doubled in work zones in Nevada?,"Yes, fines are subject to doubling","No, fines remain the same everywhere",Only for commercial vehicle drivers now,Only for repeat offenders in work zones,A,0,"In Nevada, cell phone violation fines are subject to doubling if the offense occurs in a work zone."
State-Specific,NY,NY-024,speedLimits,What is the default speed limit in New York City unless otherwise posted?,20 mph,25 mph,30 mph,35 mph,B,1,"Under NYC's Vision Zero initiative, the citywide default speed limit is 25 mph unless signs indicate otherwise."
State-Specific,NY,NY-026,stateUnique,When does New York law require you to use your headlights?,Only after full darkness,From half hour after sunset to half hour before sunrise,From sunset to sunrise exactly,Only when visibility is poor,B,1,"New York law requires headlights from one-half hour after sunset to one-half hour before sunrise, and when visibility is under 1,000 feet."
State-Specific,NY,NY-027,seatbeltChild,Until what age must children ride in an appropriate child safety restraint system in New York?,Until age 5,Until age 6,Until age 7,Until age 8,D,3,New York law requires all children to use an appropriate child safety restraint system until their 8th birthday.
State-Specific,NY,NY-028,stateUnique,What happens to speeding fines in a New York work zone?,Fines stay the same,Fines are tripled,Fines are doubled,Only a warning is given,C,2,"In New York, speeding fines are doubled when the violation occurs in a designated work zone where workers are present."
State-Specific,NY,NY-029,stateUnique,When visibility is less than what distance must you use headlights in New York?,500 feet,750 feet,"1,000 feet","1,500 feet",C,2,"New York law requires headlights when visibility is less than 1,000 feet (300 meters), in addition to the sunset/sunrise requirement."
State-Specific,NY,NY-030,stateUnique,"In New York, when you use your windshield wipers due to weather, what else is required by law?",Hazard lights,Fog lights only,Headlights,High beams,C,2,"New York law requires you to turn on your headlights whenever you use your windshield wipers to clear rain, snow, or sleet."
State-Specific,NY,NY-037,speedLimits,What is the default speed limit on New York State roads unless otherwise posted?,45 mph,50 mph,55 mph,65 mph,C,2,The default speed limit in New York State is 55 mph unless signs indicate a different limit.
State-Specific,OH,OH-015,stateUnique,What does Ohio's 'assured clear distance ahead' rule require?,Stop within distance you can see,Maintain 2-second following distance,Only applies in school zones,Keep 100 feet from vehicle ahead,A,0,Ohio law requires drivers to be able to stop within the distance they can clearly see ahead. This is known as the assured clear distance ahead rule.
State-Specific,OH,OH-018,stateUnique,At what age must children in Ohio ride in a rear-facing or forward-facing car seat?,Under 2 years old,Under 4 or under 40 lbs,Under 6 years old,Under 3 or under 30 lbs,B,1,"In Ohio, children under 4 years old or under 40 pounds must be secured in an appropriate child safety seat."
State-Specific,OH,OH-019,stateUnique,What is the speed limit in Ohio municipalities unless otherwise posted?,20 mph,30 mph,25 mph,35 mph,C,2,The default speed limit within Ohio municipalities (cities and villages) is 25 mph unless otherwise posted.
State-Specific,OH,OH-021,stateUnique,What is the speed limit on two-lane rural highways in Ohio unless otherwise posted?,45 mph,50 mph,60 mph,55 mph,D,3,The default speed limit on two-lane rural state highways in Ohio is 55 mph unless otherwise posted.
State-Specific,OH,OH-022,stateUnique,Until what age or height must children use a booster seat in Ohio?,Ages 4-8 or under 4 ft 9 in,Ages 4-6 or under 4 ft tall,Ages 2-5 or under 3 ft 6 in,Ages 5-10 or under 5 ft tall,A,0,Ohio requires children ages 4 through 7 who are under 4 feet 9 inches tall to ride in a booster seat.
State-Specific,OH,OH-023,stateUnique,How is Ohio's seat belt law enforced for front-seat passengers aged 15 and older?,"Primary enforcement, can be stopped","Secondary, only w/ another violation",No seat belt law for adults,Warning only for first offense,B,1,"Ohio's adult seat belt law is a secondary enforcement law, meaning officers can only cite you for not wearing a seat belt if you are stopped for another traffic violation."
State-Specific,OH,OH-024,stateUnique,How many points on your record triggers a license suspension in Ohio?,6 points in one year,8 points in two years,12 points in two years,15 points in three years,C,2,"In Ohio, accumulating 12 or more points on your driving record within a two-year period results in a license suspension."
State-Specific,OH,OH-025,stateUnique,What happens to traffic fines in Ohio construction zones when workers are present?,Fines remain the same amount,Fines are tripled for violations,Only a warning is issued first,Fines are doubled for violations,D,3,"In Ohio, traffic fines are doubled in construction zones when workers are present."
State-Specific,OH,OH-026,stateUnique,What must slow-moving vehicles display on Ohio roads?,Orange reflective triangle,Flashing red lights only,Yellow flag on antenna,White reflective tape strips,A,0,"In Ohio, slow-moving vehicles (those traveling under 25 mph) must display an orange reflective triangle on the rear."
State-Specific,OH,OH-027,stateUnique,When must headlights be turned on in Ohio?,Sunset to sunrise and poor visibility,Only between midnight and 6 AM,Only when it is raining outside,Only on rural highways at night,A,0,"Ohio requires headlights from sunset to sunrise and any time visibility is less than 1,000 feet."
State-Specific,OH,OH-028,stateUnique,How much space must you give when passing a bicyclist in Ohio?,At least 3 feet of clearance,At least 5 feet of clearance,At least 2 feet of clearance,No minimum distance required,A,0,Ohio law requires motorists to maintain at least 3 feet of clearance when passing a bicyclist.
State-Specific,OH,OH-029,stateUnique,During what months are studded tires permitted in Ohio?,October 1 through March 31,November 1 through April 15,December 1 through March 1,Studded tires are never allowed,B,1,Ohio permits the use of studded tires from November 1 through April 15.
State-Specific,OH,OH-030,stateUnique,When can you make a left turn on a red light in Ohio?,"Never, left on red is illegal",From a one-way street onto another one-way,At any intersection after stopping,Only with a green arrow signal,B,1,"In Ohio, you may make a left turn on red only when turning from a one-way street onto another one-way street, after coming to a complete stop and yielding."
State-Specific,OH,OH-035,stateUnique,What is the speed limit on Ohio's urban freeways unless otherwise posted?,55 mph,60 mph,65 mph,50 mph,A,0,The default speed limit on urban freeways in Ohio is 55 mph unless otherwise posted.
State-Specific,OH,OH-036,stateUnique,What does Ohio law require for children ages 8 through 15 in a vehicle?,No restraint required at this age,Booster seat at all times used,Seat belt in front and back seats,"Back seat only, no belt needed",C,2,Ohio law requires children ages 8 through 15 to wear a seat belt whether riding in the front or back seat.
State-Specific,OH,OH-037,stateUnique,What does Ohio's Move Over law require when approaching a stopped emergency vehicle with flashing lights?,Slow down and move over a lane,Honk to alert the officer ahead,Stop completely behind the vehicle,Flash your headlights at them,A,0,Ohio's Move Over law requires drivers to move over one lane or slow down significantly when approaching a stopped emergency vehicle with flashing lights.
State-Specific,OH,OH-040,stateUnique,"In Ohio, what must you do when your windshield wipers are on due to rain, snow, or fog?",Reduce speed by 10 mph always,Use only parking lights for now,Pull over until conditions improve,Turn on your headlights too,D,3,Ohio law requires headlights to be on whenever windshield wipers are in use due to precipitation or reduced visibility.
State-Specific,OK,OK-023,stateUnique,How many points on your driving record will trigger a license suspension in Oklahoma?,10 or more points,8 or more points,12 or more points,6 or more points,A,0,"In Oklahoma, accumulating 10 or more points within a five-year period results in a notice of license suspension."
State-Specific,OK,OK-024,stateUnique,Until what age must children in Oklahoma ride in a child restraint or booster seat?,Under 6 years old,Under 10 years old,Under 8 years old,Under 5 years old,C,2,"Oklahoma law requires children under 8 years of age to be secured in a child restraint or booster seat, unless they are taller than 4 feet 9 inches."
State-Specific,OK,OK-025,stateUnique,Is Oklahoma's seat belt law a primary or secondary enforcement law?,Secondary enforcement only,Primary enforcement,No seat belt law exists,Voluntary compliance only,B,1,"Oklahoma's seat belt law is a primary enforcement law, meaning officers can stop and cite a driver solely for a seat belt violation."
State-Specific,OK,OK-027,stateUnique,What is the maximum speed limit allowed on Oklahoma turnpikes?,70 mph,75 mph,80 mph,65 mph,C,2,The Oklahoma Turnpike Authority may set speed limits up to 80 mph on certain turnpike segments.
State-Specific,OK,OK-028,stateUnique,At what property damage threshold must you file a written accident report with Oklahoma DPS?,Any amount of damage,$500 or more,"$1,000 or more",$300 or more,D,3,Oklahoma requires a written accident report to be filed with DPS when property damage exceeds $300.
State-Specific,OK,OK-029,stateUnique,Where must open containers of alcohol be stored in a vehicle in Oklahoma?,Anywhere in the vehicle,In the front seat area,Out of the passenger area,Only in the glove box,C,2,Oklahoma law prohibits open containers of alcohol in the passenger area. They must be stored in the trunk or another area not accessible to occupants.
State-Specific,OK,OK-030,stateUnique,Until what age must children ride in a rear-facing car seat in Oklahoma?,Under 1 year old,Under 3 years old,Under 4 years old,Under 2 years old,D,3,Oklahoma law requires children under 2 to be in a rear-facing car seat unless they weigh 40 pounds or more or are 40 inches or taller.
State-Specific,OK,OK-032,stateUnique,Within what time period are driving points accumulated for suspension purposes in Oklahoma?,3 years,10 years,5 years,7 years,C,2,Oklahoma's point system tracks violations over a five-year period. Accumulating 10 or more points within that period triggers suspension.
State-Specific,OK,OK-034,stateUnique,Within how many days must you notify Service Oklahoma of an address or name change?,30 days,5 days,20 days,10 days,D,3,Oklahoma law requires you to apply for a replacement driver's license within 10 days of a change of address or name.
State-Specific,OK,OK-036,stateUnique,Who is charged if a front-seat passenger aged 17 or younger is not wearing a seat belt in Oklahoma?,The passenger only,No one is charged,Both driver and passenger,The driver,D,3,"In Oklahoma, the driver is responsible and will be charged if a front-seat passenger 17 years of age or younger is not wearing a seat belt."
State-Specific,OK,OK-037,stateUnique,When is a left turn on red permitted in Oklahoma?,From one-way onto one-way,Never in Oklahoma,At any intersection after stop,Only with a green arrow,A,0,"Oklahoma law permits a left turn on red from a one-way street onto another one-way street after coming to a complete stop, unless a sign prohibits it."
State-Specific,OK,OK-038,stateUnique,What is the default speed limit in residential districts in Oklahoma when no sign is posted?,25 mph,30 mph,20 mph,35 mph,A,0,The default speed limit in Oklahoma residential districts is 25 mph when no other speed limit is posted.
State-Specific,OK,OK-039,stateUnique,What is the maximum speed limit on rural interstate highways in Oklahoma?,70 mph,75 mph,80 mph,65 mph,B,1,Oklahoma's Transportation Commission may set speed limits up to 75 mph on rural segments of the interstate highway system.
State-Specific,OK,OK-040,stateUnique,At what height can a child transition from a booster seat to a regular seat belt in Oklahoma?,4 feet 5 inches,5 feet tall,4 feet 9 inches,4 feet 0 inches,C,2,"In Oklahoma, children must use a booster seat until they are 4 feet 9 inches tall, at which point a regular seat belt is sufficient."
State-Specific,OR,OR-027,speedLimits,What is the speed limit in an Oregon school zone when the flashing light is on or children are present?,15 mph,20 mph,25 mph,30 mph,B,1,Oregon school zones have a 20 mph speed limit when the school zone flashing light is active or children are present near the roadway.
State-Specific,OR,OR-028,trafficLaws,"In Oregon, where are U-turns prohibited?",On any road with a center line,"At intersections controlled by a traffic signal, unless a sign permits it",Only on highways with speed limits above 45 mph,U-turns are legal everywhere in Oregon,B,1,Oregon prohibits U-turns at any intersection controlled by a traffic signal unless a sign specifically allows it. U-turns are also prohibited wherever official signs or markings prohibit them.
State-Specific,OR,OR-029,speedLimits,What is the default speed limit on a residential street in Oregon?,20 mph,30 mph,25 mph,35 mph,C,2,Oregon's default speed limit on a highway in a residential district (that is not an arterial) is 25 mph. Alleys and narrow residential roadways have a lower limit of 15 mph.
State-Specific,OR,OR-030,trafficLaws,When must you use low-beam headlights instead of high beams in Oregon?,When following another vehicle within 350 feet,Only during rain or fog,When driving in a residential area,When your speed exceeds 45 mph,A,0,"Oregon law requires drivers to switch to low beams when following another vehicle within 350 feet, to avoid blinding the driver ahead through their mirrors."
State-Specific,OR,OR-037,speedLimits,What is the maximum speed limit on most Oregon interstate highways for passenger vehicles?,55 mph,70 mph,65 mph,75 mph,C,2,"Oregon's maximum speed limit on most interstate highways is 65 mph for passenger vehicles, light trucks, and motor homes. Some rural highways also allow 65 mph."
State-Specific,OR,OR-033,parking,How close to a fire hydrant can you legally park in Oregon?,5 feet,10 feet,15 feet,20 feet,B,1,Oregon law prohibits parking within 10 feet of a fire hydrant. You must also stay at least 20 feet from a crosswalk and 50 feet from a traffic signal or stop sign.
State-Specific,OR,OR-034,safeDriving,What is the recommended minimum following distance when driving over 30 mph in Oregon?,2 seconds,3 seconds,4 seconds,5 seconds,C,2,"The Oregon driver manual recommends a following distance of at least 4 seconds at speeds greater than 30 mph, giving you enough time to react and stop safely."
State-Specific,OR,OR-040,rightOfWay,"When entering a roundabout in Oregon, who has the right of way?",The vehicle entering the roundabout,Traffic already in the roundabout,The larger vehicle,The vehicle on the right,B,1,"Drivers entering a roundabout in Oregon must yield to traffic already circulating inside. Wait for a gap, then merge into the flow of traffic."
State-Specific,PA,PA-021,stateUnique,What is the speed limit in a school zone when lights are flashing in Pennsylvania?,15 mph,20 mph,25 mph,10 mph,A,0,"Per the PennDOT Driver's Manual, the speed limit in school zones is 15 mph when the lights on the school zone sign are flashing or during the time period indicated on signs."
State-Specific,PA,PA-027,stateUnique,What is the maximum speed limit on any road in Pennsylvania?,65 mph,75 mph,70 mph,60 mph,C,2,"The maximum speed limit in Pennsylvania is 70 mph, as stated in the PennDOT Driver's Manual. This applies to certain interstate highway sections."
State-Specific,PA,PA-028,stateUnique,At how many points does PennDOT begin taking corrective action on a driver's record?,3 points,6 points,9 points,12 points,B,1,"PennDOT begins to take corrective action when a driving record reaches six or more points. This may include a written warning, a departmental hearing, or a license suspension."
State-Specific,PA,PA-029,stateUnique,"In Pennsylvania, when must you turn on your headlights?",Only after sunset,Only during rain,Sunset to sunrise & low visibility,Only when visibility is poor,C,2,"Pennsylvania law requires headlights from sunset to sunrise, any time visibility is less than 1,000 feet, and whenever windshield wipers are in continuous or intermittent use due to weather."
State-Specific,PA,PA-030,stateUnique,What are the penalties for fines doubled in Pennsylvania work zones?,Only when workers are visible,Fines doubled anytime in active zone,Only during daytime hours,Only on interstate highways,B,1,"Per Pennsylvania law, fines for traffic violations are doubled in active work zones, regardless of whether workers are present at the time. Drivers must obey reduced speed limits in these areas."
State-Specific,PA,PA-034,stateUnique,When is a left turn on red permitted in Pennsylvania?,Never allowed in PA,From one-way to one-way street,At any intersection after stop,Only with a green arrow signal,B,1,"In Pennsylvania, a left turn on red is permitted only from a one-way street onto another one-way street, after coming to a complete stop and yielding to traffic and pedestrians."
State-Specific,PA,PA-035,stateUnique,How far must you park from a stop sign in Pennsylvania?,25 feet,50 feet,30 feet,15 feet,C,2,"Pennsylvania law requires vehicles to park at least 30 feet from a stop sign, flashing signal, yield sign, or traffic-control signal at the side of a roadway."
State-Specific,PA,PA-039,stateUnique,What must you do when approaching a horse-drawn vehicle or horseback rider on a Pennsylvania road?,Pass as quickly as possible,Honk to alert the rider,Slow down and pass carefully,Stop and wait until they leave,C,2,"Per the PennDOT Driver's Manual, when approaching horses on the road, drivers must slow down, give them plenty of room, and pass carefully. Honking can startle horses and cause accidents. This is especially relevant in PA's Amish country regions."
State-Specific,RI,RI-023,stateUnique,What is the default speed limit in residential areas in Rhode Island?,25 mph,30 mph,20 mph,35 mph,A,0,Rhode Island law sets the speed limit at 25 mph in residential areas.
State-Specific,RI,RI-024,stateUnique,Until what age must children in Rhode Island be transported in a federally approved restraint seat in the back seat?,Under 6 years old,Under 8 years old,Under 10 years old,Under 5 years old,B,1,Rhode Island law requires children under 8 years old to be in a federally approved restraint seat in the back seat of the vehicle.
State-Specific,RI,RI-025,stateUnique,How far before a turn must you begin signaling in Rhode Island?,At least 50 feet,At least 200 feet,At least 100 feet,At least 150 feet,C,2,Rhode Island law requires you to signal at least 100 feet before making a turn or changing lanes.
State-Specific,RI,RI-027,stateUnique,What does Rhode Island law require drivers to remove from their vehicle before driving?,All bumper stickers from rear window,Tinted window film if too dark,Any items hanging from mirror,Snow and ice from roof and windows,D,3,"Rhode Island law makes motorists responsible for removing snow and ice from the vehicle roof, windshield, and windows that could limit vision or blow onto other vehicles."
State-Specific,RI,RI-028,stateUnique,At what distance of reduced visibility must you turn on headlights in Rhode Island?,Less than 500 feet,"Less than 1,000 feet",Less than 200 feet,Less than 300 feet,A,0,"Rhode Island requires headlights when you cannot see 500 feet ahead, and whenever windshield wipers are in use."
State-Specific,RI,RI-029,stateUnique,Who is required to wear a seat belt in Rhode Island?,Only the driver and front passenger,The driver and all passengers,Only passengers under 18,Only the driver at all times,B,1,Rhode Island law requires seat belt use by the driver and all passengers in the vehicle.
State-Specific,RI,RI-030,stateUnique,What three documents must you show a police officer upon request in Rhode Island?,"License, title, and insurance card","Registration, inspection, and license","License, registration, and proof of insurance","License, registration, and vehicle title",C,2,"Rhode Island law requires you to display your driver's license, vehicle registration card, and proof of insurance when requested by a law enforcement officer."
State-Specific,RI,RI-032,stateUnique,What speed limit range applies on most highways in Rhode Island?,45 to 55 mph,55 to 70 mph,40 to 60 mph,50 to 65 mph,D,3,Rhode Island law sets speed limits of 50 to 65 mph on most highways.
State-Specific,RI,RI-035,stateUnique,What must you do if a police officer asks you to exit your vehicle in Rhode Island?,You must comply and exit the vehicle,You may refuse unless arrested,You may stay if doors are locked,Only comply during daylight hours,A,0,"Rhode Island law requires that if a law enforcement officer requests you exit your vehicle, you must do so."
State-Specific,RI,RI-038,stateUnique,What unique identification requirement can a Rhode Island police officer ask of a stopped driver?,Recite your address from memory,Write your name in the officer's presence,Provide your Social Security number,Unlock your phone for ID verification,B,1,Rhode Island law allows a police officer to require you to write your name in their presence for identification purposes.
State-Specific,RI,RI-039,stateUnique,What must children under 2 years old use when riding in a vehicle in Rhode Island?,A forward-facing car seat with harness,A booster seat with seat belt,A rear-facing car seat,A regular seat belt in back seat,C,2,"Rhode Island law requires children under 2 years old to ride in a rear-facing car seat, unless they have outgrown it by height or weight."
State-Specific,RI,RI-040,stateUnique,Are drivers in Rhode Island permitted to turn right on a red light?,"No, right on red is never allowed","Yes, without stopping if clear",Only in non-school-zone areas,"Yes, after full stop and yielding",D,3,"Rhode Island permits right turns on red after a full stop, unless a 'no turn on red' sign is posted. Drivers must yield to all oncoming traffic and pedestrians."
State-Specific,SC,SC-013,stateUnique,What is the default speed limit in residential areas in South Carolina?,25 mph,30 mph,35 mph,20 mph,B,1,"In South Carolina, the default speed limit in residential districts is 30 mph unless otherwise posted."
State-Specific,SC,SC-017,stateUnique,"In South Carolina, who is responsible for ensuring passengers 17 and younger wear a seat belt?",The driver of the vehicle,The passenger themselves,The vehicle owner,The front-seat passenger only,A,0,"In South Carolina, the driver is legally responsible for requiring every occupant 17 years of age or younger to wear a safety belt or be in a child restraint system."
State-Specific,SC,SC-021,duiStateLaws,How many points on your driving record triggers a license suspension in South Carolina?,6 points,8 points,12 or more points,15 points,C,2,"In South Carolina, accumulating 12 or more points on your driving record results in license suspension. At 6 points you receive a warning letter."
State-Specific,SC,SC-025,stateUnique,What is the maximum speed limit on interstate highways in South Carolina?,55 mph,60 mph,65 mph,70 mph,D,3,The maximum speed limit on interstate highways and freeways in South Carolina is 70 mph where officially posted.
State-Specific,SC,SC-027,stateUnique,Until what age must a child ride in a rear-facing car seat in South Carolina?,Until age 2,Until age 1,Until age 3,Until age 4,A,0,South Carolina law requires children under 2 years of age to be secured in a rear-facing child restraint system.
State-Specific,SC,SC-028,stateUnique,At what age must a child transition to a booster seat in South Carolina if they have outgrown their forward-facing car seat?,Age 3,Age 4,Age 5,Age 6,B,1,"In South Carolina, a child at least 4 years old who has outgrown their forward-facing child restraint must use a belt-positioning booster seat."
State-Specific,SC,SC-029,stateUnique,How far must you park from a fire hydrant in South Carolina?,At least 10 feet,At least 20 feet,At least 15 feet,At least 25 feet,C,2,South Carolina law prohibits parking within 15 feet of a fire hydrant.
State-Specific,SC,SC-030,stateUnique,How far must you park from a crosswalk at an intersection in South Carolina?,At least 10 feet,At least 15 feet,At least 25 feet,At least 20 feet,D,3,South Carolina law prohibits parking within 20 feet of a crosswalk at an intersection.
State-Specific,SC,SC-035,stateUnique,"How far must you park from a stop sign, yield sign, or traffic signal in South Carolina?",At least 30 feet,At least 20 feet,At least 15 feet,At least 50 feet,A,0,"South Carolina law requires you to park at least 30 feet from any flashing signal, stop sign, yield sign, or traffic-control signal located at the side of a roadway."
State-Specific,SC,SC-037,stateUnique,Is South Carolina's seat belt law a primary or secondary enforcement law?,Secondary — another violation needed,Primary — can be stopped for it alone,No enforcement — voluntary only,"Primary for minors, secondary for adults",B,1,"South Carolina has a primary seat belt law, meaning law enforcement can stop a vehicle solely because a driver or occupant is not wearing a seat belt."
State-Specific,SC,SC-038,stateUnique,What happens when you accumulate 6 points on your driving record in South Carolina?,License is suspended immediately,You must retake the driving test,You receive a warning letter,Your insurance is cancelled,C,2,"In South Carolina, when you accumulate 6 points the DMV sends you a warning letter. Suspension occurs at 12 or more points."
State-Specific,SC,SC-039,stateUnique,Where must open containers of alcohol be stored in a vehicle in South Carolina?,Under the driver's seat,In the glove compartment,Behind the back seat,In the trunk or luggage compartment,D,3,"South Carolina law prohibits possession of open containers of beer, wine, or liquor in a motor vehicle except in the trunk or luggage compartment."
State-Specific,SC,SC-040,stateUnique,What is the typical speed limit in a school zone in South Carolina when children are present?,25 mph,15 mph,20 mph,30 mph,A,0,"In South Carolina, the speed limit in school zones is typically 25 mph when children are present."
State-Specific,SD,SD-027,stateUnique,What is the seat belt law for drivers and front seat passengers in South Dakota?,Primary enforcement law,Secondary enforcement law,No seat belt law exists,Only minors must buckle,B,1,"In South Dakota, seat belts are required for the driver and front seat passengers, but it is enforced as a secondary offense — you can only be cited if pulled over for another violation."
State-Specific,SD,SD-028,stateUnique,Until what age must children in South Dakota be secured in a child safety seat?,Under 5 and under 40 lbs,Under 6 years old,Under 8 years old,Under 4 years old,A,0,South Dakota law requires any child under 5 years old and weighing less than 40 pounds to be properly secured in an approved child passenger restraint system.
State-Specific,SD,SD-029,gdlLicensing,How often must you renew your driver's license in South Dakota?,Every 4 years,Every 8 years,Every 5 years,Every 6 years,C,2,South Dakota driver's licenses expire every 5 years on the holder's birthday and must be renewed before expiration.
State-Specific,SD,SD-030,stateUnique,What type of enforcement is the seat belt law for passengers aged 14-17 in South Dakota?,No requirement exists,Secondary enforcement,Advisory only,Primary enforcement,D,3,"In South Dakota, all occupants 17 years old and under must wear a seat belt as a primary offense, meaning officers can stop a vehicle specifically for this violation."
State-Specific,SD,SD-034,stateUnique,What is the speed limit on urban interstates in South Dakota?,65 mph,55 mph,70 mph,60 mph,A,0,"The speed limit on urban interstates in South Dakota is 65 mph, lower than the 80 mph limit on rural interstates."
State-Specific,SD,SD-035,stateUnique,What is the maximum speed limit on multilane divided non-interstate highways in South Dakota?,65 mph,70 mph,75 mph,60 mph,B,1,"In South Dakota, multilane divided non-interstate roadways may have speed limits up to 70 mph."
State-Specific,SD,SD-038,gdlLicensing,Can you renew your South Dakota driver's license online?,"No, must be in person","Yes, every renewal","Yes, once every 10 yrs",Only military members,C,2,South Dakota allows online driver's license renewal once every 10 years. Alternate renewals must be done in person.
State-Specific,SD,SD-040,stateUnique,Does South Dakota have a separate nighttime speed limit on rural interstates?,"No, 80 mph all times","Yes, 70 mph at night","Yes, 65 mph at night","Yes, 75 mph at night",A,0,South Dakota's rural interstate speed limit is 80 mph regardless of vehicle type and time of day. There is no separate nighttime speed limit.
State-Specific,TN,TN-019,speedLimits,What is the maximum speed limit on Tennessee interstate highways?,55 mph,60 mph,65 mph,70 mph,D,3,Tennessee's statutory maximum speed limit on interstate highways is 70 mph per TCA §55-8-152.
State-Specific,TN,TN-021,speedLimits,What is the maximum speed limit on non-interstate public roads in Tennessee?,55 mph,65 mph,70 mph,60 mph,B,1,Tennessee's statutory maximum speed on all public roads other than interstates is 65 mph per TCA §55-8-152.
State-Specific,TN,TN-022,speedLimits,What is the minimum speed allowed in the left lane of a Tennessee interstate or multi-lane highway?,45 mph,50 mph,55 mph,60 mph,C,2,"Under Tennessee's 'slow poke law,' drivers may not travel below 55 mph in the left lane of interstates and multi-lane highways (TCA §55-8-152)."
State-Specific,TN,TN-023,seatBelt,Who is required to wear a seat belt under Tennessee's seat belt law?,Driver only,All passengers in vehicle,Front seat occupants,Rear seat occupants only,C,2,Tennessee's seat belt law (TCA §55-9-603) requires the driver and all front seat passengers to wear seat belts.
State-Specific,TN,TN-024,childSafety,Until what age must children ride in a child restraint system (car seat or booster) in Tennessee?,Age 6,Age 7,Age 8,Age 9,D,3,Tennessee law requires children under age 9 to be properly secured in a child restraint system appropriate for their age and size (TCA §55-9-602).
State-Specific,TN,TN-026,childSafety,Where must children ages 1 through 3 ride in a vehicle in Tennessee?,Front seat with seat belt,Rear seat in forward-facing car seat,Front seat in booster seat,Any seat with lap belt,B,1,Tennessee law requires children ages 1-3 weighing over 20 lbs to be in a forward-facing child safety seat in the rear seat if available.
State-Specific,TN,TN-027,schoolZone,What is the typical posted speed limit in a Tennessee school zone during school hours?,10 mph,15 mph,20 mph,25 mph,B,1,Tennessee school zones typically have a posted speed limit of 15 mph when flashing signals are active during school hours.
State-Specific,TN,TN-028,stateUnique,What must a Tennessee driver do when approaching a stationary utility or highway maintenance vehicle with flashing lights?,Honk and proceed,Stop completely,Move over a lane or slow down,Flash headlights twice,C,2,Tennessee's Move Over Law extends to utility and highway maintenance vehicles. Drivers must move over one lane or slow down when safe to do so.
State-Specific,TN,TN-029,stateUnique,Is Tennessee a primary or secondary seat belt enforcement state?,Primary enforcement,Secondary enforcement,No enforcement,Voluntary compliance,A,0,"Tennessee has primary seat belt enforcement, meaning law enforcement can stop and cite a driver solely for not wearing a seat belt."
State-Specific,TN,TN-030,stateUnique,What must you do when approaching a funeral procession in Tennessee?,Pass on the right side,Yield right-of-way,Flash your headlights,Honk to alert them,B,1,"Tennessee law requires drivers to yield the right-of-way to funeral processions. It is illegal to cut through, join, or interfere with a funeral procession."
State-Specific,TN,TN-035,stateUnique,"Under Tennessee law, when may you legally pass another vehicle in a no-passing zone?",When traffic is slow,When road is straight,Never,If signaling first,C,2,"In Tennessee, it is illegal to pass another vehicle in a designated no-passing zone under any circumstances."
State-Specific,TN,TN-037,stateUnique,What is the purpose of Tennessee's 'slow poke law' for left-lane driving?,Require minimum speed limits on all roads,Prevent slow driving in the left lane of multi-lane highways,Ban trucks from left lanes,Require passing on the right,B,1,Tennessee's slow poke law prohibits driving below 55 mph in the left lane of interstates and multi-lane highways to keep traffic flowing and reduce road rage incidents.
State-Specific,TX,TX-024,stateUnique,What is the default speed limit in an alley in Texas?,10 mph,20 mph,25 mph,15 mph,D,3,"Under Texas Transportation Code § 545.352, the prima facie speed limit in an alley is 15 mph."
State-Specific,TX,TX-025,stateUnique,What is the default speed limit on a state or US numbered highway outside an urban district in Texas?,55 mph,60 mph,65 mph,70 mph,D,3,"Under Texas Transportation Code § 545.352, the prima facie speed limit on highways numbered by the state or US outside urban districts is 70 mph."
State-Specific,TX,TX-026,stateUnique,What is the maximum speed limit allowed on any Texas highway?,75 mph,80 mph,85 mph,70 mph,C,2,"The Texas Transportation Commission may set speed limits up to 85 mph on highways designed to safely accommodate that speed, such as State Highway 130."
State-Specific,TX,TX-027,stateUnique,What is the default speed limit on a beach in Texas?,20 mph,25 mph,10 mph,15 mph,D,3,"Under Texas Transportation Code § 545.352, the prima facie speed limit on a beach is 15 mph."
State-Specific,TX,TX-028,duiStateLaws,Is it legal to have an open container of alcohol in the passenger area of a vehicle in Texas?,"Yes, if the driver is sober","Yes, for passengers only","No, it is prohibited",Only in the back seat,C,2,Texas Penal Code § 49.031 prohibits possessing an open container of alcohol in the passenger area of a motor vehicle on a public highway.
State-Specific,TX,TX-029,stateUnique,Texas seatbelt law requires which occupants to be buckled up?,Only front seat occupants,Only the driver,All occupants in all seats,Only occupants under 18,C,2,"Texas Transportation Code § 545.413 requires all vehicle occupants to wear a seatbelt, regardless of seating position. This is a primary enforcement law."
State-Specific,TX,TX-030,stateUnique,What proof of financial responsibility must you carry while driving in Texas?,Vehicle title document,Liability insurance card or proof,Bank statement,Social Security card,B,1,"Texas law requires drivers to maintain and carry proof of financial responsibility, typically a liability insurance card, and present it upon request by law enforcement."
State-Specific,TX,TX-031,stateUnique,When must you turn on headlights due to weather in Texas?,When visibility is less than 500 feet,"When visibility is less than 1,000 feet",Only during heavy rain,Only when fog is present,B,1,"Texas Transportation Code § 547.302 requires headlights when visibility is less than 1,000 feet due to weather conditions such as rain, fog, or mist."
State-Specific,TX,TX-032,stateUnique,"On a divided highway with a median, must you stop for a school bus on the opposite side in Texas?","Yes, always stop",Only if children are crossing,"No, only on your side",Only during school hours,C,2,"Under Texas Transportation Code § 545.066, drivers on the opposite side of a divided highway (with a physical barrier or median) from a stopped school bus are not required to stop."
State-Specific,TX,TX-033,stateUnique,"What must you do if involved in a crash with property damage over $1,000 in Texas?",No report is necessary,Only notify your insurer,File a crash report with DPS,Report it within 30 days,C,2,"Texas Transportation Code § 550.062 requires that crashes involving injury, death, or property damage of $1,000 or more be reported to the Texas Department of Public Safety within 10 days using the CR-2 crash report form."
State-Specific,TX,TX-036,stateUnique,What does Texas law require regarding the left lane on multi-lane highways?,Any speed is permitted,Left lane is for HOV only,Left lane is for passing only,No restrictions apply,C,2,Texas Transportation Code § 545.051 requires slower traffic to keep right. Drivers must use the left lane only for passing and must move right when being overtaken.
State-Specific,TX,TX-037,stateUnique,How far from a crosswalk must you park in Texas?,10 feet,15 feet,20 feet,25 feet,C,2,Texas Transportation Code § 545.302 prohibits parking within 20 feet of a crosswalk at an intersection.
State-Specific,TX,TX-038,stateUnique,How far from an intersection are you prohibited from driving on the left side of the road in Texas?,Within 50 feet,Within 100 feet,Within 200 feet,Within 150 feet,B,1,Texas Transportation Code § 545.054 prohibits driving on the left side of the roadway within 100 feet of an intersection or railroad crossing.
State-Specific,TX,TX-039,stateUnique,"According to the Texas Driver Handbook, what should you do if you miss your exit on a highway?",Back up on the shoulder,Make a U-turn,Stop and reverse,Continue to the next exit,D,3,The Texas Driver Handbook instructs drivers to continue to the next exit if they miss their intended exit. Backing up or stopping on a highway is illegal and dangerous.
State-Specific,TX,TX-040,stateUnique,"When parking facing uphill with a curb in Texas, which way should you turn your front wheels?",Straight ahead,Toward the curb (right),Away from the curb (left),It does not matter,C,2,"The Texas Driver Handbook instructs drivers to turn wheels away from the curb when parking uphill so the vehicle will roll into the curb if it moves, not into traffic."
State-Specific,UT,UT-016,cellPhone,"In Utah, when can you make a left turn on a steady red light?",One-way onto one-way,Any left turn lane,Two-way onto one-way,Never in Utah,A,0,"Utah law allows a left turn on red only from a one-way street onto another one-way street, after a complete stop."
State-Specific,UT,UT-024,duiStateLaws,What is the maximum posted speed limit on Utah rural interstate highways?,70 mph,75 mph,80 mph,85 mph,C,2,Utah's maximum posted speed limit on rural interstate highways is 80 mph.
State-Specific,UT,UT-025,duiStateLaws,Until what age must children ride in a child safety seat or booster in Utah?,Under 6 years old,Under 8 years old,Under 10 years old,Under 5 years old,B,1,Utah law requires all children under 8 years old to be properly restrained in a child safety seat or booster seat.
State-Specific,UT,UT-026,duiStateLaws,What is the default speed limit in Utah residential areas when not posted?,25 mph,30 mph,20 mph,35 mph,A,0,"Under Utah Code 41-6a-603, the default speed limit in residential districts is 25 mph unless otherwise posted."
State-Specific,UT,UT-027,stateUnique,When are you exempt from stopping for a school bus with flashing red lights in Utah?,When the bus is empty,"Divided highway, opposite side",When turning right,When in a hurry,B,1,"In Utah, you do not need to stop for a school bus with flashing red lights if you are on the opposite side of a divided highway."
State-Specific,UT,UT-028,stateUnique,What does Utah's Move Over Law require when you see a stopped emergency vehicle?,Honk to alert them,Stop completely,Change lanes or slow down,Flash your headlights,C,2,"Utah's Move Over Law requires drivers to move over a lane if safe, or slow down, when approaching stopped emergency or maintenance vehicles with flashing lights."
State-Specific,UT,UT-029,stateUnique,Who is responsible for ensuring all vehicle occupants wear seat belts in Utah?,Each individual passenger,Front-seat passengers only,Vehicle owner,The driver,D,3,"Under Utah law, the driver is responsible for ensuring all occupants in the vehicle are properly restrained by a seat belt."
State-Specific,UT,UT-030,duiStateLaws,How long is your license revoked for a first-time BAC test refusal in Utah?,18 months,12 months,6 months,24 months,A,0,"Under Utah's implied consent law, refusing a BAC test for the first time results in an 18-month license revocation."
State-Specific,UT,UT-039,stateUnique,How far in advance of a turn must you enter a two-way left-turn lane in Utah?,No more than 200 feet,No more than 500 feet,No more than 1000 feet,Any distance is fine,B,1,Utah law prohibits entering a two-way left-turn lane more than 500 feet before making the turn.
State-Specific,VA,VA-007,gdlLicensing,How many passengers under 21 can a provisional license holder under 18 transport in Virginia?,Two passengers max,Three passengers max,One passenger max,No passengers allowed,C,2,"Virginia law restricts provisional license holders under 18 to no more than one passenger under age 21, unless accompanied by a licensed parent or guardian in the front seat."
State-Specific,VA,VA-031,stateUnique,At what speed does Virginia consider driving to be reckless driving regardless of the posted speed limit?,80 mph or higher,85 mph or higher,90 mph or higher,75 mph or higher,B,1,"Under Virginia Code § 46.2-862, driving in excess of 85 mph is reckless driving regardless of the posted speed limit. Driving 20+ mph over any posted limit also qualifies as reckless driving."
State-Specific,VA,VA-012,seatbeltLaws,Until what age must children in Virginia be secured in a child restraint device (car seat or booster)?,Until age 6,Until age 10,Until age 8,Until age 5,C,2,"Virginia law requires all children under age 8 to be properly secured in a child safety seat or booster seat, regardless of weight or height."
State-Specific,VA,VA-017,seatbeltLaws,Where must a rear-facing child safety seat be placed in a vehicle in Virginia?,In the front passenger seat,In the back seat,Either front or back seat,Behind the driver only,B,1,"Virginia law requires that rear-facing child restraint devices be placed in the back seat of a vehicle, never in front of an active airbag."
State-Specific,VA,VA-019,speedLimits,What is the maximum posted speed limit allowed on Virginia interstate highways?,65 mph,70 mph,75 mph,80 mph,B,1,"Virginia's maximum speed limit on interstate highways is 70 mph where posted, following traffic engineering studies. This applies to interstates and multilane divided limited-access highways."
State-Specific,VA,VA-022,stateUnique,What happens to speeding fines in a Virginia highway work zone?,Fines stay the same,Fines are tripled,Fines are doubled,Only a warning is issued,C,2,"Virginia doubles speeding fines in designated highway work zones, even when workers are not present. This applies to all work zones with proper signage."
State-Specific,VA,VA-023,stateUnique,"In Virginia, what constitutes reckless driving based on speed over the posted limit?",10 mph or more over,15 mph or more over,25 mph or more over,20 mph or more over,D,3,"Under Virginia Code § 46.2-862, driving 20 mph or more over the posted speed limit is considered reckless driving, in addition to driving over 85 mph regardless of the limit."
State-Specific,VA,VA-024,seatbeltLaws,"As of 2025, who is required to wear a seatbelt in Virginia?",Only front seat occupants,Only occupants under 18,All occupants regardless of seating position,Only the driver,C,2,"As of July 1, 2025, Virginia law requires all occupants of motor vehicles to be restrained by a seatbelt, regardless of age or where they are seated in the vehicle."
State-Specific,VA,VA-025,duiStateLaws,What does Virginia's implied consent law mean for drivers?,Police can search your vehicle anytime,Drivers consent to BAC testing when arrested for DUI,You must carry proof of insurance,You agree to follow all traffic laws,B,1,"Virginia's implied consent law means that by driving on Virginia roads, you automatically consent to have your blood or breath tested for alcohol if you are arrested for driving under the influence."
State-Specific,VA,VA-027,speedLimits,What is the default speed limit in Virginia school zones when posted?,15 mph,20 mph,25 mph,30 mph,C,2,Virginia school crossing zones have a maximum speed limit of 25 mph when the zone is active and properly indicated by signs displaying the maximum speed limit.
State-Specific,VA,VA-029,stateUnique,At what property damage threshold must a vehicle accident be reported to the DMV in Virginia?,"$1,000 or more","$1,500 or more","$5,000 or more","$3,000 or more",D,3,"Virginia law requires that motor vehicle accidents resulting in injury, death, or total property damage of $3,000 or more must be reported to the DMV."
State-Specific,VA,VA-030,rightOfWay,What must a driver do before making a right turn on red in Virginia?,Slow down and check for traffic,Signal and proceed if clear,Come to a complete stop and yield to all traffic and pedestrians,Honk horn before turning,C,2,"In Virginia, drivers must come to a complete stop before making a right turn on red, then yield to all pedestrians and cross traffic before proceeding, unless a sign prohibits the turn."
State-Specific,VA,VA-032,stateUnique,"In Virginia, what can you be charged with for following another vehicle too closely?",No violation unless accident occurs,Reckless driving,Warning only for first offense,Traffic infraction only,B,1,"In Virginia, following too closely (tailgating) is classified as reckless driving under Virginia Code § 46.2-816. Drivers must maintain a reasonable distance based on speed, traffic, and road conditions."
State-Specific,VA,VA-034,stateUnique,What must you do if you are involved in an accident in Virginia that results in injury?,Exchange information and leave,Call your insurance company first,"Stop immediately, render aid, and report to police",Move your vehicle off the road first,C,2,"Virginia law requires drivers involved in an accident resulting in injury or death to immediately stop, render reasonable assistance to injured persons, and report the accident to law enforcement."
State-Specific,VA,VA-036,speedLimits,What is the default speed limit on unpaved roads in Virginia when not posted?,25 mph,35 mph,45 mph,30 mph,B,1,"In Virginia, the default speed limit on unpaved roads is 35 mph unless otherwise posted. Drivers should always adjust speed for road conditions."
State-Specific,VA,VA-037,stateUnique,How far in advance must you signal before making a turn in Virginia?,At least 50 feet,At least 100 feet,At least 200 feet,At least 150 feet,B,1,"Virginia law requires drivers to signal at least 100 feet before making a turn, giving other drivers and pedestrians adequate warning of your intended maneuver."
State-Specific,VA,VA-039,duiStateLaws,What happens to your driver's license after a first DUI conviction in Virginia?,30-day suspension,License revoked for one year,6-month suspension,No license action for first offense,B,1,A first DUI conviction in Virginia results in a one-year revocation of driving privileges. Drivers may be eligible for a restricted license with an ignition interlock device.
State-Specific,VA,VA-040,rightOfWay,"In Virginia, what must you do when approaching a blind pedestrian carrying a white cane at a crosswalk?",Honk to alert them,Slow down and pass carefully,Come to a complete stop,Flash your headlights,C,2,Virginia law requires drivers to come to a complete stop when a blind pedestrian carrying a white cane or accompanied by a guide dog is crossing or attempting to cross a roadway.
State-Specific,VT,VT-011,gdlLicensing,"During the first three months with a junior license in Vermont, who may ride with the new driver?",Only approved supervisors,Any licensed driver,Up to 2 passengers,Family members only,A,0,"During the first three months of a junior license, the driver may only drive alone or with a parent/guardian, driving instructor, or licensed person age 25+."
State-Specific,VT,VT-012,gdlLicensing,How long after getting a junior license must a Vermont driver wait before driving for employment?,6 months,1 year or until age 18,3 months,2 years,B,1,"Junior license holders may not drive for employment for one year after issuance or until they reach age 18, whichever comes first."
State-Specific,VT,VT-013,stateUnique,Who is required to wear a seat belt in a moving vehicle in Vermont?,All occupants,Only front-seat passengers,Only the driver,Only those under 18,A,0,"Vermont law requires all occupants, including backseat passengers, to wear seat belts while the vehicle is in motion."
State-Specific,VT,VT-016,stateUnique,"Where must children under 13 ride in Vermont, if practical?",Front seat only,Either front or rear seat,In the rear seat,Middle seat only,C,2,"Vermont law states that a child under 13 years of age shall always, if practical, ride in a rear seat of a motor vehicle."
State-Specific,VT,VT-018,stateUnique,Until what age must a child use a booster seat in Vermont if not in a child restraint system?,5 years old,6 years old,8 years old,10 years old,C,2,Vermont requires children under 8 who are not in a federally approved child restraint system to be in a booster seat.
State-Specific,VT,VT-022,stateUnique,At what minimum total damage amount must you file a crash report with the Vermont DMV?,"$1,000","$2,000","$3,000","$5,000",C,2,"Vermont requires a crash report when total damage to all property is $3,000 or more, or when any person is injured."
State-Specific,VT,VT-023,stateUnique,How soon after a reportable crash must you file a report with the Vermont DMV?,Within 24 hours,Within 48 hours,Within 72 hours,Within 7 days,C,2,Vermont law requires the operator to file a written crash report within 72 hours of a reportable crash.
State-Specific,VT,VT-024,duiStateLaws,What does Vermont's open container law prohibit in a vehicle's passenger area?,Only open alcohol containers,Open alcohol or cannabis containers,Only open cannabis containers,Any beverage containers,B,1,Vermont prohibits possessing any open container of alcohol or cannabis in the passenger area of a motor vehicle.
State-Specific,VT,VT-025,stateUnique,What must you do when approaching a stopped emergency vehicle on a multi-lane highway in Vermont?,Slow to 10 mph,Flash your headlights,Change lanes away from the vehicle,Stop completely,C,2,Vermont's Move Over law requires drivers to change lanes away from stopped emergency vehicles on multi-lane highways when safe to do so.
State-Specific,VT,VT-026,stateUnique,What is Vermont's policy on studded tires?,Banned entirely,Allowed October through April only,Allowed November through March only,Legal year-round with no restrictions,D,3,Vermont is one of a few states that allows studded tires year-round with no seasonal restrictions.
State-Specific,VT,VT-027,stateUnique,What is the default speed limit on Vermont roads where no limit is posted?,25 mph,35 mph,50 mph,55 mph,C,2,"Under Vermont law, the default speed limit on all roads where no speed is posted is 50 mph."
State-Specific,VT,VT-028,stateUnique,You must not make a U-turn in Vermont unless you can be seen from how far in each direction?,200 feet,300 feet,500 feet,"1,000 feet",C,2,Vermont law prohibits U-turns on curves or near hill crests where the vehicle cannot be seen for 500 feet in either direction.
State-Specific,VT,VT-029,gdlLicensing,How long must your driving record be clean before you can apply for a learner's permit in Vermont?,6 months,1 year,2 years,No requirement,C,2,"To apply for a learner's permit in Vermont, an individual must have maintained a clean driving record in the previous two years."
State-Specific,VT,VT-030,stateUnique,How is Vermont's adult seat belt law enforced?,Primary enforcement,Secondary enforcement,Warning only,Not enforced,B,1,"Vermont's adult seat belt law is a secondary offense, meaning an officer can only ticket you for it if another citable offense is observed first."
State-Specific,VT,VT-031,gdlLicensing,Does Vermont impose a nighttime driving curfew on junior license holders?,"Yes, midnight to 5 AM","Yes, 10 PM to 5 AM","No, Vermont has no GDL curfew","Yes, 11 PM to 6 AM",C,2,"Unlike many states, Vermont's graduated driver license law does not include a specific nighttime driving curfew for junior license holders."
State-Specific,VT,VT-032,gdlLicensing,After how many months are all passenger restrictions lifted for a Vermont junior license holder?,1 month,3 months,6 months,12 months,C,2,"After holding a junior driver's license for six months, there are no passenger restrictions in Vermont."
State-Specific,VT,VT-033,duiStateLaws,What is an ignition interlock device (IID) used for in Vermont?,Tracking vehicle location,Preventing DUI offenders from driving after drinking,Limiting vehicle speed,Recording driving hours,B,1,An IID is installed in a vehicle and prevents the engine from starting if the driver has been drinking. It is required for certain DUI offenders in Vermont.
State-Specific,VT,VT-034,stateUnique,What must you clear from your vehicle before driving in winter conditions in Vermont?,Only the windshield,Windshield and mirrors only,All snow and ice from the entire vehicle,Only the windows,C,2,"Vermont requires drivers to clear all snow and ice from windows, mirrors, lights, wipers, hood, trunk, and roof before driving."
State-Specific,WA,WA-014,stateUnique,What is the default speed limit in Washington school zones when children are present?,15 mph,20 mph,25 mph,30 mph,B,1,Washington law sets a 20 mph speed limit in school zones and playground crosswalks when children are present.
State-Specific,WA,WA-019,stateUnique,When are headlights required in Washington state?,Only between sunset and sunrise,"From 30 min after sunset to 30 min before sunrise, or when visibility is under 1,000 feet",Whenever wipers are on,Only on highways at night,B,1,"Washington requires headlights from a half hour after sunset to a half hour before sunrise, and anytime persons and vehicles are not clearly visible at 1,000 feet ahead due to weather or lighting conditions."
State-Specific,WA,WA-021,stateUnique,"Until what age must children ride in a child restraint system in Washington, unless they are 4'9"" or taller?",Age 6,Age 8,Age 10,Age 12,B,1,Washington law requires children under age 8 to be in an appropriate child restraint system unless they are 4 feet 9 inches or taller.
State-Specific,WA,WA-022,stateUnique,Until what age must children ride in the back seat in Washington when practical?,Age 8,Age 10,Age 13,Age 16,C,2,Washington law requires children up to age 13 to ride in the back seat when it is practical to do so.
State-Specific,WA,WA-024,stateUnique,Who is required to wear a seat belt in a passenger vehicle in Washington?,Only the driver,Driver and front seat passengers,Driver and all passengers,Only passengers under 16,C,2,Washington law requires the driver and all passengers in a passenger vehicle to wear seat belts or appropriate child restraints.
State-Specific,WA,WA-025,stateUnique,"Under Washington's Move Over law, what must you do when approaching a vehicle with flashing warning lights on the roadside?","Move over a lane if possible, or slow down",Speed up to pass quickly,Stop completely on the shoulder,Flash your headlights as a warning,A,0,"Washington's Move Over law requires drivers to move over one lane away from vehicles with flashing lights when safe, or reduce speed if lane change is not possible."
State-Specific,WA,WA-026,stateUnique,What is the default speed limit on residential streets in Washington when no speed limit is posted?,20 mph,25 mph,30 mph,35 mph,B,1,"In Washington, the default speed limit on city and town streets is 25 mph unless otherwise posted."
State-Specific,WA,WA-027,duiStateLaws,"Under Washington's implied consent law, what have you automatically agreed to by driving on Washington roads?",To carry a first aid kit,To submit to a breath or blood test if arrested for DUI,To allow vehicle searches,To take a field sobriety test,B,1,"By driving on Washington roads, you have given implied consent to submit to a breath or blood test if lawfully arrested for DUI."
State-Specific,WA,WA-028,stateUnique,"When entering a roundabout in Washington, who has the right-of-way?",The vehicle entering from the right,The larger vehicle,Vehicles already in the roundabout,The vehicle that arrived first,C,2,"In Washington, vehicles entering a roundabout must yield to traffic already circulating in the roundabout."
State-Specific,WA,WA-029,stateUnique,What is the speed limit when passing an emergency vehicle or tow truck stopped on the roadside in Washington if you cannot move over?,Reduce to 10 mph below posted limit,Reduce to 20 mph,Maintain posted speed limit,Reduce to half the posted limit,A,0,"When you cannot move over a lane for a stopped emergency vehicle or tow truck with flashing lights, Washington law requires you to reduce speed to at least 10 mph below the posted speed limit."
State-Specific,WA,WA-030,stateUnique,"On a multi-lane highway in Washington, when should you use the left lane?",Anytime you prefer,For passing or turning left only,Only during rush hour,When driving the speed limit,B,1,Washington law requires drivers to keep right except when passing or turning left. The left lane on multi-lane highways is for passing only.
State-Specific,WA,WA-038,stateUnique,"In Washington, at what visibility distance must you turn on your headlights?",When you cannot see 500 feet ahead,"When you cannot see 1,000 feet ahead",When you cannot see 200 feet ahead,Only when it is completely dark,B,1,"Washington requires headlights when persons and vehicles on the highway are not clearly discernible at a distance of 1,000 feet ahead due to insufficient light or unfavorable conditions."
State-Specific,WA,WA-039,stateUnique,"When approaching a yield sign at an intersection in Washington, what must you do?",Always come to a full stop,Slow down and stop if necessary for cross traffic or pedestrians,Proceed at normal speed,Stop only if there is a pedestrian,B,1,"At a yield sign in Washington, you must slow down and be prepared to stop to yield right-of-way to vehicles and pedestrians in the intersection or approaching on the cross road."
State-Specific,WI,WI-011,stateUnique,What is the minimum property damage amount that requires reporting a crash in Wisconsin?,$500 or more in damage,"$2,500 or more in damage","$1,000 or more in damage","$5,000 or more in damage",C,2,"Wisconsin law requires that crashes resulting in $1,000 or more in property damage, any injury, or damage of $200+ to government property must be reported."
State-Specific,WI,WI-012,stateUnique,"In Wisconsin, when must you turn on your headlights?",Only between sunset and sunrise,When windshield wipers are in use,Only in heavy rain or snow,Only on rural highways at night,B,1,"Wisconsin law requires headlights to be on whenever windshield wipers are in continuous use, in addition to the standard sunset-to-sunrise requirement."
State-Specific,WI,WI-023,stateUnique,What is the default speed limit on rural undivided highways in Wisconsin?,45 mph,55 mph,65 mph,50 mph,B,1,The statutory speed limit on rural undivided highways in Wisconsin is 55 mph unless otherwise posted.
State-Specific,WI,WI-024,stateUnique,Who must wear a seat belt in Wisconsin?,All occupants in seats with belts,Only front seat passengers,Only the driver,Only passengers under 18,A,0,Wisconsin law requires all drivers and passengers over age 4 to wear seat belts in all seating positions equipped with three-point safety belts.
State-Specific,WI,WI-026,stateUnique,"In Wisconsin, when can you make a left turn on a red light?","Never, left on red is illegal",Any left turn after stopping,From a one-way onto a one-way street,Only at intersections with signs,C,2,"Wisconsin allows a left turn on red only when turning from a one-way street onto another one-way street, after coming to a complete stop and yielding to traffic and pedestrians."
State-Specific,WI,WI-027,stateUnique,What is the maximum speed limit on Wisconsin interstate freeways in rural areas?,55 mph,60 mph,65 mph,70 mph,D,3,The maximum posted speed limit on rural interstate freeways in Wisconsin is 70 mph.
State-Specific,WI,WI-028,stateUnique,What is the speed limit when driving through an alley in Wisconsin?,15 mph,10 mph,20 mph,25 mph,A,0,Wisconsin law sets the speed limit at 15 mph when driving through an alley.
State-Specific,WI,WI-029,stateUnique,How far before a turn must you signal in Wisconsin?,At least 50 feet,At least 100 feet,At least 200 feet,At least 150 feet,B,1,Wisconsin statute 346.34 requires drivers to signal continuously for at least the last 100 feet before turning.
State-Specific,WI,WI-030,stateUnique,What minimum clearance must you give when passing a bicyclist in Wisconsin?,At least 2 feet,At least 4 feet,At least 3 feet,At least 5 feet,C,2,"Wisconsin law (§346.075) requires motorists to leave at least 3 feet of clearance when passing a bicyclist, with more room at higher speeds."
State-Specific,WI,WI-034,stateUnique,What does a slow-moving vehicle emblem look like in Wisconsin?,Yellow diamond sign,Red octagon sign,Blue circular sign,Reflective orange triangle,D,3,"A slow-moving vehicle emblem is a reflective orange triangle bordered with red, displayed on vehicles traveling significantly slower than normal traffic speed, common on farm equipment in Wisconsin."
State-Specific,WI,WI-035,stateUnique,What is the default speed limit in outlying parts of a city or village in Wisconsin?,35 mph,25 mph,30 mph,45 mph,A,0,"Wisconsin statute sets the default speed limit at 35 mph in outlying districts of cities and villages, and in semi-urban districts outside cities."
State-Specific,WI,WI-036,stateUnique,"On a divided highway in Wisconsin, must you stop for a school bus on the other side of the divider?","Yes, always stop both sides","No, only on your side",Only if children are visible,Only during school hours,B,1,"On a divided highway with a median or barrier, drivers traveling in the opposite direction from a stopped school bus are not required to stop in Wisconsin."
State-Specific,WI,WI-038,stateUnique,How close to a crosswalk can you park in Wisconsin?,At least 10 feet away,At least 20 feet away,At least 15 feet away,At least 25 feet away,C,2,Wisconsin law prohibits parking within 15 feet of a crosswalk.
State-Specific,WI,WI-040,stateUnique,What must you do when approaching a horse-drawn vehicle displaying an SMV emblem in Wisconsin?,Honk to alert the driver,Flash your headlights,Maintain normal speed,Slow down and pass with care,D,3,"When approaching slow-moving vehicles like horse-drawn buggies (common in Wisconsin's Amish communities), drivers must slow down and pass carefully to avoid startling the horse or endangering occupants."
State-Specific,WV,WV-018,cellPhone,How far before a turn must you activate your turn signal in West Virginia?,At least 100 feet,At least 200 feet,At least 50 feet,At least 300 feet,A,0,WV Code 17C-8-8 requires a turn signal to be given continuously during the last 100 feet before turning.
State-Specific,WV,WV-022,duiStateLaws,Until what age must children in WV be secured in a federally approved child safety seat?,Under 6 years old,Under 8 years old,Under 5 years old,Under 10 years old,B,1,"WV law (17C-15-46) requires all children under age 8 to be properly secured in a federally approved child safety seat, unless they are at least 4 feet 9 inches tall."
State-Specific,WV,WV-024,duiStateLaws,"In WV, who is required to wear a seat belt under the seat belt law?",Only the driver,Driver and front seat only,All occupants in all seats,"Driver, front seat, back under 18",D,3,"WV Code 17C-15-49 requires the driver, all front seat passengers, and all back seat passengers under 18 to wear seat belts."
State-Specific,WV,WV-025,duiStateLaws,"When approaching an oncoming vehicle at night in WV, at what distance must you dim your headlights?",Within 500 feet,Within 300 feet,Within 1000 feet,Within 200 feet,A,0,WV law requires drivers to switch to low beams when approaching an oncoming vehicle within 500 feet.
State-Specific,WV,WV-026,duiStateLaws,How many points on your driving record will trigger a license suspension in West Virginia?,8 or more points,12 or more points,10 or more points,15 or more points,B,1,The WV DMV will suspend your license when you accumulate 12 or more points on your driving record.
State-Specific,WV,WV-027,stateUnique,"When parking on a street with curbs in WV, how close must your right-side wheels be to the curb?",Within 12 inches,Within 24 inches,Within 18 inches,Within 6 inches,C,2,WV Code 17C-13-4 requires vehicles parked on a roadway with curbs to have right-hand wheels within 18 inches of the curb.
State-Specific,WV,WV-028,stateUnique,What does WV's Move Over law require when you see a stopped emergency vehicle with flashing lights?,Honk to alert them,Speed up to pass quickly,Maintain your current speed,Slow down and move over if safe,D,3,"WV's Move Over law requires drivers to slow down and, when safe, move over at least one lane when passing stopped emergency vehicles with flashing lights."
State-Specific,WV,WV-029,stateUnique,"On a divided highway with a median, must you stop for a school bus loading children on the opposite side in WV?","No, only on your side","Yes, always stop",Only during school hours,Only if children visible,A,0,WV Code 17C-12-7 provides an exception for highways with separate roadways — drivers on the opposite side of a divided highway are not required to stop for a school bus.
State-Specific,WV,WV-030,stateUnique,At how many points does the WV DMV send a warning letter about your driving record?,4 points,6 points,8 points,10 points,B,1,"The WV DMV sends a warning letter when a driver accumulates 6 or more points on their driving record, urging them to drive more cautiously."
State-Specific,WV,WV-033,stateUnique,What is the default speed limit on residential streets in West Virginia unless otherwise posted?,20 mph,30 mph,25 mph,35 mph,C,2,The default speed limit on WV residential streets is 25 mph unless otherwise posted.
State-Specific,WV,WV-034,stateUnique,"When parallel parking in WV, which direction must your vehicle face?",Either direction,Against traffic flow,Toward nearest intersection,Same direction as traffic,D,3,"WV Code 17C-13-4 requires vehicles to be parked with right-hand wheels to the curb, meaning the vehicle must face the same direction as traffic flow."
State-Specific,WV,WV-039,stateUnique,"When following another vehicle at night in WV, at what distance must you switch to low-beam headlights?",Within 100 feet,Within 200 feet,Within 300 feet,Within 500 feet,B,1,WV law requires drivers to use low beams when following within 200 feet of another vehicle traveling in the same direction.
State-Specific,WY,WY-019,stateUnique,What is the maximum speed limit on Wyoming interstate highways?,80 mph,75 mph,70 mph,65 mph,A,0,"Wyoming's maximum speed limit on interstate highways is 80 mph, one of the highest in the nation."
State-Specific,WY,WY-021,stateUnique,What is the default speed limit in urban districts in Wyoming?,25 mph,30 mph,35 mph,20 mph,B,1,The default speed limit in urban areas in Wyoming is 30 mph unless otherwise posted.
State-Specific,WY,WY-022,stateUnique,What is the speed limit in designated school zones in Wyoming?,15 mph,25 mph,20 mph,30 mph,C,2,Wyoming law sets the speed limit at 20 mph in designated school zones with signs posted indicating a reduced limit.
State-Specific,WY,WY-023,stateUnique,What is the speed limit on unpaved roads in Wyoming?,35 mph,45 mph,65 mph,55 mph,D,3,The speed limit on unpaved roads in Wyoming is 55 mph unless otherwise posted.
State-Specific,WY,WY-024,stateUnique,Is Wyoming an open range state for livestock on roads?,"Yes, drivers must watch for livestock","No, livestock must be fenced",Only in rural counties,Only on unpaved roads,A,0,"Wyoming is an open range state, meaning livestock may be on or near roadways and drivers are responsible for watching for animals."
State-Specific,WY,WY-025,stateUnique,"In open range areas of Wyoming, who may be liable if you hit livestock on the road?",Always the livestock owner,The driver is typically responsible,The state highway department,No one is ever liable,B,1,"In Wyoming's open range areas, the driver is generally responsible for watching for livestock. Livestock owners typically have no duty to fence animals off roadways."
State-Specific,WY,WY-026,stateUnique,How is Wyoming's seatbelt law enforced?,Primary enforcement,No seatbelt law exists,Secondary enforcement only,Only for rear passengers,C,2,"Wyoming has a secondary enforcement seatbelt law, meaning an officer cannot pull you over solely for not wearing a seatbelt but can cite you if stopped for another violation."
State-Specific,WY,WY-027,stateUnique,Until what age must children in Wyoming use a child restraint system?,Under 6 years old,Under 7 years old,Under 8 years old,Under 9 years old,D,3,"Wyoming law requires children younger than 9 years old to be secured in a child restraint system such as a car seat, harness, or booster seat."
State-Specific,WY,WY-028,stateUnique,What can WYDOT restrict highway travel to during hazardous winter conditions in Wyoming?,Vehicles with chains or snow tires,Only commercial vehicles,Four-door vehicles only,No restrictions are allowed,A,0,"Under Wyoming's chain law, WYDOT can restrict travel on highways to vehicles using adequate snow tires, tire chains, or all-wheel drive during hazardous winter conditions."
State-Specific,WY,WY-029,stateUnique,What phone number provides road condition information in Wyoming?,911,511,411,311,B,1,"Wyoming's 511 service provides current road conditions, travel restrictions, and weather information for drivers across the state."
State-Specific,WY,WY-030,stateUnique,What is the speed limit on paved non-interstate highways in Wyoming?,55 mph,60 mph,70 mph,75 mph,C,2,The default speed limit on paved non-interstate highways in Wyoming is 70 mph unless otherwise posted.
State-Specific,WY,WY-031,stateUnique,How many levels of travel restriction does Wyoming's chain law include?,One level,Four levels,Three levels,Two levels,D,3,Wyoming's chain law includes two levels of restrictions that can be implemented on specific highway sections when conditions warrant.
State-Specific,WY,WY-032,stateUnique,What does Wyoming require all vehicle occupants to wear?,Safety belts,Only front seat belts,No requirement exists,Only driver must wear,A,0,"Wyoming law requires all vehicle occupants to wear safety belts, though enforcement is secondary."
State-Specific,WY,WY-033,stateUnique,"Under extremely hazardous winter conditions, what vehicles may Wyoming restrict travel to?",All-wheel drive only,Emergency vehicles and snow plows,Commercial trucks only,No vehicles allowed,B,1,"In extremely hazardous conditions, WYDOT may further restrict travel to necessary emergency vehicles including snow plows, and vehicles with tire chains or all-wheel drive with adequate snow tires."
State-Specific,WY,WY-034,stateUnique,What should you do if you encounter livestock on a Wyoming road in an open range area?,Honk to scare them away,Speed up to pass quickly,Slow down and proceed with caution,Call 911 immediately,C,2,"In Wyoming's open range areas, drivers should slow down and proceed with caution when encountering livestock on the road. Honking may startle animals and cause unpredictable behavior."
State-Specific,WY,WY-035,stateUnique,Can an officer pull you over solely for not wearing a seatbelt in Wyoming?,"Yes, it is primary enforcement","Yes, with a warning only",Only on interstate highways,"No, it is secondary enforcement",D,3,"Wyoming's seatbelt law is secondary enforcement, meaning police cannot stop you solely for a seatbelt violation but can cite you for it during a stop for another offense."
State-Specific,WY,WY-036,stateUnique,What type of tires must have a mud and snow or all-weather rating under Wyoming's chain law?,Snow tires,All-season tires,Performance tires,Any tire with tread,A,0,"Under Wyoming's chain law, snow tires must have a mud and snow (M+S) or all-weather rating from the manufacturer with sufficient tread depth to provide adequate traction."
State-Specific,LA,LA-024,stateUnique,What is the default speed limit in a Louisiana school zone when warning lights are flashing?,15 mph,20 mph,25 mph,10 mph,A,0,Louisiana law sets a default school zone speed limit of 15 mph when warning signals are flashing.
State-Specific,LA,LA-025,stateUnique,What is the maximum posted speed limit on Louisiana interstate highways?,70 mph,75 mph,80 mph,65 mph,B,1,The maximum speed limit on Louisiana interstate highways is 75 mph in designated areas.
State-Specific,LA,LA-026,stateUnique,How is Louisiana's seat belt law enforced?,Secondary enforcement only during other stops,Enforcement only for front-seat occupants,Primary enforcement; police can stop you solely for not wearing one,No enforcement; seat belts are optional,C,2,Louisiana's seat belt law is a primary enforcement law — officers can pull you over solely for not wearing a seat belt.
State-Specific,LA,LA-027,stateUnique,How close to a fire hydrant can you legally park in Louisiana?,5 feet,10 feet,20 feet,No closer than 15 feet,D,3,Louisiana law prohibits parking within 15 feet of a fire hydrant.
State-Specific,LA,LA-028,stateUnique,How close to a crosswalk or intersection can you legally park in Louisiana?,No closer than 20 feet,No closer than 10 feet,No closer than 15 feet,No closer than 30 feet,A,0,Louisiana law prohibits parking within 20 feet of a crosswalk at an intersection.
State-Specific,LA,LA-029,stateUnique,Who must be restrained in a child safety seat in Louisiana?,Children under age 4 only,All children under age 6 or weighing less than 60 pounds,Children under age 8 in the back seat,Only infants under 1 year old,B,1,Louisiana law requires children under 6 years old or weighing less than 60 pounds to be properly secured in an approved child safety seat.
State-Specific,LA,LA-030,stateUnique,What does Louisiana's open container law prohibit?,Only the driver from drinking while driving,Open containers only in the trunk area,Both drivers and passengers from possessing open alcoholic beverages in a moving vehicle,Passengers may have open containers at any time,C,2,Louisiana law prohibits both drivers and passengers from possessing open alcoholic beverage containers while the vehicle is on a public highway.
State-Specific,LA,LA-036,stateUnique,What must you do when encountering a funeral procession in Louisiana?,Honk to alert the procession of your presence,Pass the procession on the left at any time,Stop and wait only if at an intersection,Yield the right-of-way and do not pass through or join the procession,D,3,Louisiana law requires drivers to yield the right-of-way to funeral processions and not drive between vehicles in the procession. You may pass on a divided or multi-lane highway when the procession is in the right lane.
State-Specific,LA,LA-037,stateUnique,What makes a frozen daiquiri container legal in a vehicle in Louisiana?,The lid must be sealed with no straw protruding and contents not partially removed,It must be stored in the trunk at all times,The driver must not be the one who purchased it,Frozen alcoholic beverages are always prohibited in vehicles,A,0,"Under Louisiana's open container law, a frozen alcoholic beverage container is not considered 'open' if the lid is on, no straw protrudes, and the contents have not been partially removed."
State-Specific,LA,LA-038,stateUnique,How close to a railroad crossing can you legally park in Louisiana?,No closer than 25 feet,No closer than 50 feet,No closer than 30 feet,No closer than 75 feet,B,1,Louisiana law prohibits parking within 50 feet of a railroad crossing.
